W,x,Q2,g1/F1,dg1/F1(stat),dg1/F1(sys)
1.085,0.7052,0.707,-0.0425,1.0823,0.3427
1.095,0.6902,0.707,0.6723,0.8729,0.1991
1.105,0.6757,0.707,0.6357,0.7798,0.1374
1.115,0.6617,0.707,-0.5669,0.6937,0.1699
1.125,0.6481,0.707,-0.6202,0.6238,0.1635
1.135,0.6349,0.707,0.4699,0.5652,0.0827
1.145,0.6222,0.707,0.3643,0.5118,0.0832
1.155,0.6098,0.707,-0.733,0.4726,0.1208
1.165,0.5979,0.707,-0.4952,0.443,0.0735
1.175,0.5863,0.707,0.0821,0.4088,0.0951
1.185,0.575,0.707,-0.5263,0.3865,0.0842
1.195,0.5641,0.707,-0.4382,0.3668,0.0664
1.205,0.5535,0.707,0.327,0.3516,0.091
1.215,0.5432,0.707,0.0402,0.3451,0.0281
1.225,0.5332,0.707,-0.3643,0.3377,0.0667
1.235,0.5235,0.707,0.0043,0.3339,0.0268
1.245,0.5141,0.707,-0.1262,0.3418,0.0239
1.255,0.5049,0.707,-0.3809,0.3428,0.0576
1.265,0.496,0.707,0.2003,0.3488,0.066
1.275,0.4873,0.707,-0.6605,0.361,0.1203
1.285,0.4788,0.707,-0.1587,0.3683,0.0437
1.295,0.4706,0.707,-0.1451,0.3766,0.0716
1.305,0.4626,0.707,0.381,0.3834,0.0855
1.315,0.4548,0.707,-0.078,0.3888,0.056
1.325,0.4472,0.707,-0.1088,0.3951,0.0551
1.335,0.4398,0.707,0.0454,0.4019,0.0513
1.345,0.4326,0.707,0.1297,0.4053,0.0248
1.355,0.4256,0.707,0.8058,0.4035,0.1064
1.365,0.4187,0.707,-0.448,0.407,0.0775
1.375,0.412,0.707,0.0422,0.4119,0.0271
1.385,0.4055,0.707,0.0092,0.4126,0.0261
1.395,0.3991,0.707,0.2175,0.4075,0.0294
1.405,0.3929,0.707,0.6735,0.4014,0.1076
1.415,0.3869,0.707,0.4328,0.396,0.0613
1.425,0.3809,0.707,0.6288,0.3889,0.0895
1.435,0.3752,0.707,0.0517,0.3817,0.0617
1.445,0.3695,0.707,-0.327,0.3741,0.0471
1.455,0.364,0.707,-0.4966,0.3655,0.0628
1.465,0.3586,0.707,-0.0108,0.3638,0.0144
1.475,0.3533,0.707,0.4066,0.363,0.0627
1.485,0.3482,0.707,0.4073,0.3624,0.103
1.495,0.3432,0.707,0.3355,0.351,0.0846
1.505,0.3382,0.707,0.5474,0.3322,0.0774
1.515,0.3334,0.707,0.5403,0.3181,0.0636
1.525,0.3287,0.707,0.6482,0.3133,0.0752
1.535,0.3241,0.707,0.1193,0.3107,0.0408
1.545,0.3196,0.707,-0.0754,0.312,0.013
1.555,0.3152,0.707,0.3714,0.3117,0.0502
1.565,0.3108,0.707,0.3354,0.312,0.0417
1.575,0.3066,0.707,0.2773,0.3151,0.0479
1.585,0.3025,0.707,0.1325,0.3135,0.0362
1.595,0.2984,0.707,-0.2972,0.3133,0.0515
1.605,0.2944,0.707,-0.0005,0.3111,0.0199
1.615,0.2905,0.707,0.0197,0.3086,0.0479
1.625,0.2867,0.707,-0.1014,0.3066,0.0356
1.635,0.283,0.707,-0.1293,0.3052,0.0195
1.645,0.2793,0.707,0.9371,0.3026,0.1123
1.655,0.2757,0.707,-0.2155,0.3003,0.0296
1.665,0.2722,0.707,0.471,0.2999,0.0643
1.675,0.2687,0.707,0.1194,0.2995,0.0267
1.685,0.2653,0.707,-0.0065,0.2968,0.0175
1.695,0.262,0.707,-0.0201,0.2915,0.0108
1.705,0.2588,0.707,0.1457,0.2849,0.0544
1.715,0.2556,0.707,0.1923,0.2796,0.0326
1.725,0.2524,0.707,0.4549,0.2812,0.0578
1.735,0.2493,0.707,0.2083,0.2804,0.0264
1.745,0.2463,0.707,0.0124,0.2802,0.033
1.755,0.2433,0.707,0.1579,0.2829,0.0221
1.765,0.2404,0.707,0.4273,0.2848,0.0548
1.775,0.2376,0.707,-0.1963,0.2858,0.0435
1.785,0.2348,0.707,-0.0467,0.2879,0.0279
1.795,0.232,0.707,-0.0229,0.2887,0.0183
1.805,0.2293,0.707,-0.1357,0.2874,0.0277
1.815,0.2266,0.707,0.1698,0.2862,0.025
1.825,0.224,0.707,-0.1094,0.2815,0.0183
1.835,0.2215,0.707,0.6637,0.2808,0.0878
1.845,0.2189,0.707,0.0859,0.2793,0.0483
1.855,0.2165,0.707,0.416,0.2762,0.0603
1.865,0.214,0.707,-0.6894,0.274,0.0889
1.875,0.2116,0.707,0.3177,0.2736,0.064
1.885,0.2093,0.707,-0.1403,0.272,0.0318
1.895,0.2069,0.707,0.4252,0.2709,0.0549
1.905,0.2047,0.707,0.1583,0.2676,0.0227
1.915,0.2024,0.707,0.4124,0.2674,0.0531
1.925,0.2002,0.707,0.2844,0.2665,0.039
1.935,0.1981,0.707,-0.099,0.2643,0.0124
1.945,0.1959,0.707,-0.0478,0.2601,0.046
1.955,0.1938,0.707,0.1903,0.259,0.0254
1.965,0.1918,0.707,0.2946,0.258,0.0619
1.975,0.1898,0.707,0.1121,0.2564,0.0265
1.985,0.1878,0.707,0.0307,0.2538,0.0277
1.995,0.1858,0.707,0.2134,0.2503,0.0286
2.005,0.1839,0.707,0.1317,0.2507,0.0301
2.015,0.182,0.707,-0.0606,0.2496,0.0344
2.025,0.1801,0.707,0.1483,0.2472,0.0393
2.035,0.1782,0.707,0.3236,0.245,0.0422
2.045,0.1764,0.707,-0.5813,0.2436,0.0651
2.055,0.1746,0.707,0.3534,0.2404,0.0678
2.065,0.1729,0.707,0.2281,0.2404,0.0453
2.075,0.1711,0.707,0.0722,0.2355,0.0256
2.085,0.1694,0.707,-0.1428,0.2344,0.018
2.095,0.1678,0.707,-0.3496,0.2339,0.0403
2.105,0.1661,0.707,0.0128,0.2343,0.0612
2.115,0.1645,0.707,0.2831,0.2326,0.0451
2.125,0.1629,0.707,0.5672,0.2336,0.0625
2.135,0.1613,0.707,0.3523,0.2314,0.0507
2.145,0.1597,0.707,-0.1864,0.2332,0.0266
2.155,0.1582,0.707,-0.023,0.2308,0.0236
2.165,0.1567,0.707,0.0341,0.2278,0.0097
2.175,0.1552,0.707,-0.1298,0.2226,0.0281
2.185,0.1537,0.707,-0.0544,0.2219,0.0346
2.195,0.1523,0.707,0.216,0.2215,0.0273
2.205,0.1508,0.707,0.0661,0.2207,0.0211
2.215,0.1494,0.707,-0.0798,0.2212,0.0163
2.225,0.148,0.707,0.0309,0.2184,0.0356
2.235,0.1467,0.707,0.2773,0.2168,0.0529
2.245,0.1453,0.707,0.0627,0.2175,0.0142
2.255,0.144,0.707,0.0881,0.2169,0.0185
2.265,0.1427,0.707,0.056,0.2132,0.0111
2.275,0.1414,0.707,-0.0326,0.2126,0.0133
2.285,0.1401,0.707,-0.1835,0.21,0.0436
2.295,0.1388,0.707,0.2143,0.2125,0.0285
2.305,0.1376,0.707,-0.0373,0.2179,0.0314
2.315,0.1364,0.707,0.078,0.2259,0.0135
2.325,0.1352,0.707,0.1592,0.229,0.022
2.335,0.134,0.707,-0.2776,0.2292,0.0328
2.345,0.1328,0.707,-0.0771,0.2273,0.0476
2.355,0.1316,0.707,0.0428,0.225,0.0097
2.365,0.1305,0.707,0.2782,0.2207,0.0444
2.375,0.1293,0.707,0.2541,0.2197,0.0412
2.385,0.1282,0.707,0.2222,0.2182,0.0272
2.395,0.1271,0.707,-0.0546,0.2155,0.0225
2.405,0.126,0.707,0.0129,0.2146,0.0176
2.415,0.125,0.707,0.2513,0.2138,0.0355
2.425,0.1239,0.707,0.3621,0.2123,0.045
2.435,0.1229,0.707,0.0941,0.2121,0.0144
2.445,0.1218,0.707,-0.1406,0.2147,0.0222
2.455,0.1208,0.707,-0.1082,0.2159,0.0308
2.465,0.1198,0.707,-0.2188,0.2174,0.0274
2.475,0.1188,0.707,0.247,0.2149,0.0414
2.485,0.1178,0.707,-0.2729,0.2156,0.0422
2.495,0.1169,0.707,-0.2769,0.2149,0.0536
2.505,0.1159,0.707,-0.2682,0.2142,0.0329
2.515,0.1149,0.707,0.0364,0.2133,0.0165
2.525,0.114,0.707,0.3757,0.209,0.0448
2.535,0.1131,0.707,0.2744,0.2064,0.0378
2.545,0.1122,0.707,0.0514,0.2069,0.0151
2.555,0.1113,0.707,0.2302,0.2036,0.0283
2.565,0.1104,0.707,0.1934,0.2035,0.0233
2.575,0.1095,0.707,-0.0887,0.2041,0.011
2.585,0.1086,0.707,-0.4135,0.2006,0.0473
2.595,0.1078,0.707,0.0043,0.2009,0.0081
2.605,0.1069,0.707,0.0842,0.2015,0.0135
2.615,0.1061,0.707,0.019,0.2005,0.0105
2.625,0.1053,0.707,-0.1371,0.2035,0.0184
2.635,0.1045,0.707,-0.378,0.2057,0.0438
2.645,0.1036,0.707,-0.1008,0.2059,0.0126
2.655,0.1028,0.707,-0.2539,0.2083,0.0364
2.665,0.1021,0.707,-0.0869,0.2074,0.0137
2.675,0.1013,0.707,-0.3496,0.2067,0.0387
2.685,0.1005,0.707,0.1204,0.2084,0.02
2.695,0.0997,0.707,0.0152,0.2047,0.0293
2.705,0.099,0.707,0.2669,0.1993,0.0341
2.715,0.0982,0.707,0.569,0.2002,0.0642
2.725,0.0975,0.707,-0.0253,0.1986,0.0279
2.735,0.0968,0.707,-0.2719,0.1983,0.0364
2.745,0.0961,0.707,0.1302,0.2001,0.0278
2.755,0.0953,0.707,-0.1178,0.2008,0.0252
2.765,0.0946,0.707,0.3718,0.1995,0.0457
2.775,0.0939,0.707,0.0406,0.1972,0.0154
2.785,0.0933,0.707,-0.045,0.1943,0.0168
2.795,0.0926,0.707,0.0836,0.1924,0.0269
1.085,0.7407,0.844,0.6225,1.1195,0.3062
1.095,0.7268,0.844,0.5158,0.9031,0.1626
1.105,0.7133,0.844,0.1505,0.788,0.1041
1.115,0.7001,0.844,0.2571,0.7078,0.1858
1.125,0.6874,0.844,-0.8974,0.6455,0.1918
1.135,0.6749,0.844,-0.1235,0.5976,0.0355
1.145,0.6628,0.844,0.2681,0.5466,0.0516
1.155,0.6511,0.844,0.3127,0.5003,0.0604
1.165,0.6396,0.844,-0.6354,0.467,0.0943
1.175,0.6285,0.844,1.0278,0.4334,0.1803
1.185,0.6176,0.844,0.2616,0.4091,0.0607
1.195,0.6071,0.844,0.1797,0.3887,0.0425
1.205,0.5968,0.844,-0.7105,0.3671,0.1028
1.215,0.5867,0.844,-0.4276,0.3551,0.0649
1.225,0.5769,0.844,0.0422,0.3499,0.0335
1.235,0.5674,0.844,0.2349,0.3519,0.0486
1.245,0.5581,0.844,-0.2389,0.3517,0.0398
1.255,0.549,0.844,0.5455,0.3539,0.0857
1.265,0.5402,0.844,-0.5711,0.3615,0.0908
1.275,0.5315,0.844,0.4062,0.3681,0.0705
1.285,0.5231,0.844,0.6552,0.3762,0.0988
1.295,0.5149,0.844,-0.412,0.3808,0.0721
1.305,0.5068,0.844,-0.1105,0.3876,0.0604
1.315,0.499,0.844,-0.2296,0.3993,0.0386
1.325,0.4913,0.844,-0.2098,0.4033,0.0827
1.335,0.4838,0.844,0.0667,0.4112,0.018
1.345,0.4765,0.844,0.5524,0.4173,0.0684
1.355,0.4693,0.844,-0.6177,0.4172,0.0805
1.365,0.4623,0.844,0.1829,0.4229,0.0309
1.375,0.4555,0.844,0.0551,0.4202,0.0167
1.385,0.4488,0.844,0.3741,0.4195,0.0504
1.395,0.4423,0.844,0.0902,0.4163,0.0213
1.405,0.4359,0.844,0.2258,0.4088,0.0898
1.415,0.4296,0.844,1.1712,0.4034,0.1397
1.425,0.4235,0.844,0.814,0.3986,0.0942
1.435,0.4175,0.844,0.2742,0.3926,0.0341
1.445,0.4116,0.844,-0.2966,0.3905,0.0554
1.455,0.4059,0.844,0.6734,0.3795,0.0884
1.465,0.4003,0.844,-0.035,0.3772,0.0174
1.475,0.3948,0.844,0.5487,0.3813,0.0828
1.485,0.3894,0.844,0.6263,0.3829,0.1228
1.495,0.3841,0.844,-0.3686,0.3734,0.0653
1.505,0.3789,0.844,-0.214,0.3522,0.045
1.515,0.3739,0.844,-0.1781,0.3334,0.04
1.525,0.3689,0.844,0.2719,0.3305,0.0335
1.535,0.364,0.844,0.6412,0.3275,0.0953
1.545,0.3593,0.844,0.4059,0.3257,0.0569
1.555,0.3546,0.844,0.3498,0.3271,0.0464
1.565,0.35,0.844,0.3177,0.328,0.0522
1.575,0.3455,0.844,-0.0442,0.3297,0.0229
1.585,0.3411,0.844,0.3434,0.3304,0.0488
1.595,0.3368,0.844,1.0599,0.3247,0.1167
1.605,0.3325,0.844,-0.5456,0.3235,0.0615
1.615,0.3283,0.844,-0.1328,0.3218,0.0308
1.625,0.3243,0.844,0.1317,0.3223,0.027
1.635,0.3202,0.844,0.5731,0.3183,0.066
1.645,0.3163,0.844,-0.3702,0.3169,0.0445
1.655,0.3124,0.844,0.0176,0.3145,0.0151
1.665,0.3086,0.844,0.3333,0.3175,0.0579
1.675,0.3049,0.844,-0.1341,0.3203,0.0222
1.685,0.3013,0.844,0.5681,0.3156,0.0755
1.695,0.2977,0.844,-0.3248,0.3122,0.0711
1.705,0.2941,0.844,0.1683,0.3049,0.0443
1.715,0.2907,0.844,0.0892,0.2985,0.0182
1.725,0.2873,0.844,0.2988,0.2971,0.0434
1.735,0.2839,0.844,0.2477,0.2955,0.0467
1.745,0.2807,0.844,0.0545,0.2969,0.0224
1.755,0.2774,0.844,-0.0754,0.3007,0.0226
1.765,0.2742,0.844,0.1774,0.2992,0.0371
1.775,0.2711,0.844,0.0384,0.3014,0.0128
1.785,0.2681,0.844,0.1372,0.3047,0.0523
1.795,0.2651,0.844,0.3849,0.3036,0.1047
1.805,0.2621,0.844,-0.0497,0.3014,0.033
1.815,0.2592,0.844,0.4226,0.2986,0.0518
1.825,0.2563,0.844,0.1614,0.2936,0.0231
1.835,0.2535,0.844,0.3394,0.2896,0.044
1.845,0.2507,0.844,-0.1927,0.2895,0.0337
1.855,0.248,0.844,-0.0679,0.2865,0.0294
1.865,0.2453,0.844,0.2235,0.2856,0.0389
1.875,0.2427,0.844,-0.2892,0.2837,0.0364
1.885,0.2401,0.844,0.01,0.2838,0.0381
1.895,0.2375,0.844,-0.219,0.2811,0.0547
1.905,0.235,0.844,-0.0939,0.2823,0.0273
1.915,0.2325,0.844,-0.1202,0.2792,0.0148
1.925,0.2301,0.844,0.2126,0.2773,0.029
1.935,0.2277,0.844,-0.1489,0.271,0.0189
1.945,0.2253,0.844,-0.2573,0.2714,0.0286
1.955,0.223,0.844,-0.343,0.2666,0.0564
1.965,0.2207,0.844,0.3509,0.2653,0.0607
1.975,0.2185,0.844,-0.2663,0.2633,0.0304
1.985,0.2163,0.844,-0.0302,0.2611,0.0078
1.995,0.2141,0.844,-0.1105,0.2587,0.0506
2.005,0.2119,0.844,-0.0355,0.258,0.0316
2.015,0.2098,0.844,0.4355,0.254,0.0485
2.025,0.2077,0.844,0.1415,0.2541,0.0488
2.035,0.2057,0.844,0.0078,0.2523,0.0095
2.045,0.2037,0.844,-0.2778,0.25,0.0327
2.055,0.2017,0.844,-0.2334,0.2478,0.0317
2.065,0.1997,0.844,-0.4542,0.2482,0.0529
2.075,0.1978,0.844,0.1454,0.2499,0.0195
2.085,0.1958,0.844,-0.0181,0.2508,0.0242
2.095,0.194,0.844,-0.0094,0.2481,0.0151
2.105,0.1921,0.844,0.0653,0.2474,0.0527
2.115,0.1903,0.844,0.163,0.2465,0.0349
2.125,0.1885,0.844,-0.1602,0.2473,0.0399
2.135,0.1867,0.844,0.62,0.2439,0.0829
2.145,0.185,0.844,0.0201,0.2419,0.02
2.155,0.1832,0.844,0.0872,0.2369,0.0271
2.165,0.1815,0.844,0.2503,0.2393,0.0356
2.175,0.1798,0.844,0.1619,0.2414,0.0406
2.185,0.1782,0.844,0.3737,0.2383,0.049
2.195,0.1766,0.844,0.3405,0.2372,0.0475
2.205,0.1749,0.844,0.2255,0.2339,0.0297
2.215,0.1734,0.844,-0.1964,0.2326,0.0243
2.225,0.1718,0.844,-0.4113,0.234,0.0541
2.235,0.1702,0.844,0.1287,0.231,0.0191
2.245,0.1687,0.844,0.1707,0.2295,0.0453
2.255,0.1672,0.844,0.2786,0.2285,0.0614
2.265,0.1657,0.844,-0.2074,0.2285,0.0281
2.275,0.1643,0.844,0.3104,0.2374,0.0464
2.285,0.1628,0.844,0.2394,0.2407,0.0393
2.295,0.1614,0.844,0.2185,0.243,0.0603
2.305,0.16,0.844,0.2162,0.2426,0.031
2.315,0.1586,0.844,-0.0711,0.2404,0.0271
2.325,0.1572,0.844,-0.0745,0.2402,0.0297
2.335,0.1559,0.844,-0.1094,0.2402,0.0184
2.345,0.1545,0.844,-0.0318,0.2378,0.0206
2.355,0.1532,0.844,-0.3874,0.2359,0.045
2.365,0.1519,0.844,0.0948,0.2396,0.0149
2.375,0.1506,0.844,-0.3708,0.2375,0.0418
2.385,0.1494,0.844,-0.4279,0.2355,0.0536
2.395,0.1481,0.844,-0.0373,0.234,0.0152
2.405,0.1469,0.844,-0.0354,0.231,0.009
2.415,0.1457,0.844,0.3016,0.2324,0.0401
2.425,0.1444,0.844,-0.119,0.2317,0.0175
2.435,0.1433,0.844,-0.0269,0.2289,0.0322
2.445,0.1421,0.844,0.1277,0.2287,0.0203
2.455,0.1409,0.844,0.0949,0.2294,0.0145
2.465,0.1398,0.844,-0.0791,0.23,0.0306
2.475,0.1386,0.844,0.1863,0.2295,0.0235
2.485,0.1375,0.844,0.3192,0.2263,0.0358
2.495,0.1364,0.844,-0.108,0.2259,0.0271
2.505,0.1353,0.844,0.2033,0.2238,0.026
2.515,0.1342,0.844,-0.1298,0.223,0.0303
2.525,0.1332,0.844,0.6741,0.2201,0.0883
2.535,0.1321,0.844,-0.1264,0.2191,0.0167
2.545,0.1311,0.844,0.2515,0.222,0.0328
2.555,0.13,0.844,-0.3184,0.225,0.0451
2.565,0.129,0.844,-0.1472,0.2243,0.0249
2.575,0.128,0.844,0.0607,0.2276,0.0231
2.585,0.127,0.844,-0.2892,0.2297,0.0348
2.595,0.126,0.844,0.0951,0.23,0.0453
2.605,0.1251,0.844,-0.2112,0.2296,0.0295
2.615,0.1241,0.844,0.119,0.2287,0.0168
2.625,0.1232,0.844,0.1319,0.2247,0.0345
2.635,0.1222,0.844,0.2116,0.2216,0.0257
2.645,0.1213,0.844,0.1291,0.2171,0.026
2.655,0.1204,0.844,-0.0107,0.2106,0.0078
2.665,0.1195,0.844,-0.4558,0.2089,0.0558
2.675,0.1186,0.844,0.0322,0.2076,0.0101
2.685,0.1177,0.844,-0.0982,0.2036,0.024
2.695,0.1168,0.844,0.0406,0.2034,0.0207
2.705,0.1159,0.844,-0.2443,0.2019,0.035
2.715,0.1151,0.844,0.1057,0.201,0.0163
2.725,0.1142,0.844,0.248,0.2046,0.0313
2.735,0.1134,0.844,0.1406,0.2039,0.0214
2.745,0.1126,0.844,-0.1472,0.203,0.0175
2.755,0.1118,0.844,-0.0108,0.2033,0.0088
2.765,0.1109,0.844,0.0329,0.202,0.0125
2.775,0.1101,0.844,0.3168,0.2035,0.0403
2.785,0.1093,0.844,-0.1271,0.2024,0.0281
2.795,0.1086,0.844,-0.1295,0.2042,0.0269
1.085,0.7736,1.01,0.2582,1.3319,0.1077
1.095,0.7609,1.01,-0.6325,1.0919,0.321
1.105,0.7485,1.01,-0.8753,0.9567,0.2208
1.115,0.7364,1.01,-0.0341,0.8411,0.1818
1.125,0.7246,1.01,-0.8851,0.7551,0.1499
1.135,0.713,1.01,0.3922,0.681,0.0866
1.145,0.7017,1.01,0.6582,0.6156,0.1142
1.155,0.6907,1.01,-0.226,0.5639,0.0459
1.165,0.6799,1.01,0.0607,0.5238,0.0228
1.175,0.6694,1.01,-0.6974,0.4887,0.0947
1.185,0.6591,1.01,0.3301,0.4639,0.0559
1.195,0.649,1.01,-0.5205,0.4363,0.0672
1.205,0.6391,1.01,-0.3592,0.4207,0.0472
1.215,0.6295,1.01,-0.2496,0.4079,0.0341
1.225,0.62,1.01,-0.1736,0.3991,0.0361
1.235,0.6108,1.01,-0.3313,0.3973,0.0608
1.245,0.6018,1.01,-0.1627,0.3958,0.0214
1.255,0.593,1.01,-0.0348,0.4023,0.0346
1.265,0.5843,1.01,0.1185,0.4077,0.0226
1.275,0.5759,1.01,0.0719,0.4091,0.0154
1.285,0.5676,1.01,-0.1327,0.4207,0.0247
1.295,0.5595,1.01,0.1847,0.429,0.0273
1.305,0.5515,1.01,0.5338,0.4323,0.0789
1.315,0.5437,1.01,0.3353,0.4424,0.0888
1.325,0.5361,1.01,-0.0554,0.4479,0.0154
1.335,0.5287,1.01,-0.2299,0.4563,0.0441
1.345,0.5213,1.01,-0.9842,0.4699,0.1289
1.355,0.5142,1.01,0.4201,0.4717,0.0789
1.365,0.5072,1.01,-0.2084,0.4684,0.0472
1.375,0.5003,1.01,0.554,0.4723,0.1553
1.385,0.4935,1.01,0.7808,0.4651,0.0895
1.395,0.4869,1.01,0.3469,0.4629,0.0451
1.405,0.4804,1.01,0.2133,0.4504,0.0691
1.415,0.4741,1.01,-0.4277,0.4455,0.0523
1.425,0.4678,1.01,-0.4326,0.4336,0.0567
1.435,0.4617,1.01,0.0139,0.4288,0.027
1.445,0.4557,1.01,1.4476,0.4176,0.1994
1.455,0.4498,1.01,0.0107,0.411,0.0175
1.465,0.4441,1.01,-0.3649,0.4106,0.0704
1.475,0.4384,1.01,-0.0798,0.4188,0.0239
1.485,0.4328,1.01,0.7928,0.4205,0.1307
1.495,0.4274,1.01,-0.3818,0.4151,0.0803
1.505,0.422,1.01,0.3689,0.3914,0.052
1.515,0.4168,1.01,0.2992,0.3743,0.0483
1.525,0.4116,1.01,-0.4997,0.3638,0.0672
1.535,0.4065,1.01,-0.0382,0.3598,0.0194
1.545,0.4015,1.01,0.6223,0.3576,0.072
1.555,0.3967,1.01,0.3772,0.3582,0.0633
1.565,0.3919,1.01,0.6718,0.3593,0.0798
1.575,0.3871,1.01,-0.055,0.3541,0.0151
1.585,0.3825,1.01,-0.1085,0.3556,0.0379
1.595,0.378,1.01,0.2479,0.3548,0.0316
1.605,0.3735,1.01,-0.4675,0.3496,0.0809
1.615,0.3691,1.01,0.0589,0.3465,0.0408
1.625,0.3648,1.01,0.1004,0.3466,0.0232
1.635,0.3605,1.01,-0.2794,0.3435,0.0747
1.645,0.3563,1.01,0.1414,0.343,0.0214
1.655,0.3522,1.01,-0.093,0.3405,0.0297
1.665,0.3482,1.01,0.1369,0.3388,0.0252
1.675,0.3443,1.01,-0.098,0.3394,0.0361
1.685,0.3404,1.01,0.6373,0.3438,0.0835
1.695,0.3365,1.01,0.3611,0.3373,0.0583
1.705,0.3328,1.01,0.1076,0.33,0.0296
1.715,0.329,1.01,0.8936,0.3259,0.1237
1.725,0.3254,1.01,0.3895,0.32,0.0498
1.735,0.3218,1.01,0.5592,0.3184,0.0707
1.745,0.3183,1.01,0.5225,0.3184,0.064
1.755,0.3148,1.01,0.5361,0.316,0.065
1.765,0.3114,1.01,-0.1061,0.3139,0.0508
1.775,0.308,1.01,0.2758,0.314,0.037
1.785,0.3047,1.01,0.0046,0.3081,0.0315
1.795,0.3015,1.01,0.1456,0.3085,0.0261
1.805,0.2983,1.01,0.1975,0.307,0.0565
1.815,0.2951,1.01,0.4243,0.3077,0.0608
1.825,0.292,1.01,0.2449,0.3049,0.0315
1.835,0.2889,1.01,0.1108,0.3035,0.0502
1.845,0.2859,1.01,0.4506,0.2996,0.0699
1.855,0.283,1.01,0.0419,0.3015,0.0118
1.865,0.2801,1.01,0.2959,0.2975,0.0392
1.875,0.2772,1.01,-0.4552,0.2985,0.0585
1.885,0.2743,1.01,0.8579,0.2965,0.1009
1.895,0.2716,1.01,0.1511,0.2948,0.0528
1.905,0.2688,1.01,0.7076,0.2961,0.087
1.915,0.2661,1.01,0.3612,0.293,0.0959
1.925,0.2634,1.01,0.6261,0.2886,0.0811
1.935,0.2608,1.01,-0.0151,0.2907,0.0165
1.945,0.2582,1.01,0.3003,0.2844,0.0379
1.955,0.2557,1.01,-0.1969,0.2805,0.0214
1.965,0.2532,1.01,0.1579,0.2759,0.0228
1.975,0.2507,1.01,-0.2916,0.274,0.0331
1.985,0.2482,1.01,-0.2472,0.2759,0.0336
1.995,0.2458,1.01,0.04,0.2751,0.0157
2.005,0.2435,1.01,-0.5084,0.2771,0.0582
2.015,0.2411,1.01,0.4884,0.2769,0.0784
2.025,0.2388,1.01,0.5692,0.2777,0.0694
2.035,0.2366,1.01,-0.0646,0.2806,0.0179
2.045,0.2343,1.01,0.3842,0.2783,0.0636
2.055,0.2321,1.01,0.0405,0.2748,0.0126
2.065,0.2299,1.01,-0.0805,0.2722,0.0312
2.075,0.2278,1.01,0.4302,0.268,0.0524
2.085,0.2257,1.01,0.3145,0.2647,0.0432
2.095,0.2236,1.01,0.4427,0.2632,0.0621
2.105,0.2215,1.01,-0.356,0.263,0.0404
2.115,0.2195,1.01,0.4698,0.2619,0.082
2.125,0.2175,1.01,0.322,0.2621,0.0498
2.135,0.2155,1.01,-0.0074,0.2577,0.0638
2.145,0.2136,1.01,0.2274,0.2578,0.0268
2.155,0.2116,1.01,0.4167,0.2558,0.0471
2.165,0.2097,1.01,0.4042,0.2521,0.0566
2.175,0.2079,1.01,0.0392,0.2495,0.0154
2.185,0.206,1.01,0.2968,0.2493,0.0517
2.195,0.2042,1.01,-0.0227,0.2483,0.0169
2.205,0.2024,1.01,-0.0471,0.2485,0.05
2.215,0.2006,1.01,-0.4118,0.2475,0.0544
2.225,0.1989,1.01,0.1049,0.2501,0.0162
2.235,0.1971,1.01,0.2353,0.2575,0.0584
2.245,0.1954,1.01,0.1248,0.2625,0.0267
2.255,0.1937,1.01,0.5242,0.2662,0.0633
2.265,0.1921,1.01,-0.0482,0.267,0.0118
2.275,0.1904,1.01,0.0327,0.2675,0.0131
2.285,0.1888,1.01,-0.1204,0.2647,0.0426
2.295,0.1872,1.01,-0.1542,0.259,0.0325
2.305,0.1856,1.01,-0.2656,0.2555,0.039
2.315,0.1841,1.01,-0.0917,0.2556,0.0149
2.325,0.1825,1.01,-0.1409,0.2567,0.0174
2.335,0.181,1.01,-0.1801,0.2557,0.0396
2.345,0.1795,1.01,0.2388,0.2551,0.0369
2.355,0.178,1.01,0.0836,0.2573,0.0333
2.365,0.1765,1.01,-0.2141,0.2541,0.0317
2.375,0.1751,1.01,0.2574,0.2528,0.0311
2.385,0.1736,1.01,0.4779,0.2524,0.0695
2.395,0.1722,1.01,-0.1149,0.2548,0.0235
2.405,0.1708,1.01,0.1159,0.2537,0.0357
2.415,0.1694,1.01,0.5277,0.2512,0.0627
2.425,0.1681,1.01,0.1658,0.2484,0.0251
2.435,0.1667,1.01,-0.4708,0.2485,0.0541
2.445,0.1654,1.01,0.3988,0.2491,0.0463
2.455,0.1641,1.01,0.3191,0.2497,0.0377
2.465,0.1628,1.01,0.0203,0.2411,0.03
2.475,0.1615,1.01,-0.2409,0.2432,0.0338
2.485,0.1602,1.01,0.0983,0.2393,0.0404
2.495,0.159,1.01,0.4391,0.2359,0.0712
2.505,0.1577,1.01,0.1742,0.2369,0.023
2.515,0.1565,1.01,0.1064,0.2344,0.064
2.525,0.1553,1.01,0.1572,0.2367,0.0385
2.535,0.1541,1.01,0.6087,0.2371,0.0704
2.545,0.1529,1.01,0.0877,0.2289,0.0276
2.555,0.1517,1.01,0.257,0.2314,0.036
2.565,0.1506,1.01,0.2664,0.2323,0.0479
2.575,0.1494,1.01,0.0362,0.2276,0.0144
2.585,0.1483,1.01,-0.166,0.2275,0.019
2.595,0.1472,1.01,-0.0066,0.2211,0.0083
2.605,0.1461,1.01,-0.0063,0.2183,0.0285
2.615,0.145,1.01,0.5059,0.2166,0.0601
2.625,0.1439,1.01,0.3483,0.2141,0.0473
2.635,0.1428,1.01,-0.0028,0.2107,0.0243
2.645,0.1418,1.01,0.3873,0.2138,0.0545
2.655,0.1407,1.01,0.3219,0.2143,0.0418
2.665,0.1397,1.01,-0.2265,0.2162,0.0263
2.675,0.1387,1.01,-0.0362,0.2145,0.0192
2.685,0.1376,1.01,0.2012,0.2146,0.0322
2.695,0.1366,1.01,0.1537,0.2166,0.034
1.085,0.8024,1.2,0.4393,1.73,0.428
1.095,0.7909,1.2,1.233,1.3458,0.4102
1.105,0.7796,1.2,2.9677,1.1648,0.6171
1.115,0.7685,1.2,3.2353,1.0179,0.785
1.125,0.7576,1.2,-1.2987,0.9087,0.1772
1.135,0.747,1.2,-0.2173,0.8309,0.0605
1.145,0.7365,1.2,-0.8324,0.7421,0.1107
1.155,0.7263,1.2,2.1023,0.6861,0.4658
1.165,0.7162,1.2,-0.5664,0.6361,0.0642
1.175,0.7063,1.2,0.1267,0.5887,0.0356
1.185,0.6967,1.2,-0.0621,0.5645,0.0077
1.195,0.6872,1.2,-0.8478,0.5287,0.1241
1.205,0.6778,1.2,-0.3609,0.503,0.0448
1.215,0.6687,1.2,0.3838,0.4879,0.0689
1.225,0.6597,1.2,0.4996,0.4722,0.0933
1.235,0.6509,1.2,-0.0128,0.4709,0.0329
1.245,0.6423,1.2,-0.2065,0.468,0.0267
1.255,0.6338,1.2,-0.0697,0.4709,0.0108
1.265,0.6255,1.2,-0.1046,0.4768,0.0124
1.275,0.6173,1.2,0.5089,0.481,0.0772
1.285,0.6093,1.2,1.131,0.4908,0.1463
1.295,0.6014,1.2,0.1824,0.4935,0.0491
1.305,0.5937,1.2,-0.0999,0.5058,0.0278
1.315,0.5861,1.2,0.1484,0.5113,0.031
1.325,0.5786,1.2,-0.6988,0.5135,0.0939
1.335,0.5713,1.2,0.2683,0.5202,0.0438
1.345,0.5641,1.2,0.3643,0.5294,0.0665
1.355,0.557,1.2,0.3594,0.529,0.0591
1.365,0.5501,1.2,0.0154,0.5278,0.0562
1.375,0.5433,1.2,-0.0536,0.5315,0.089
1.385,0.5366,1.2,-0.4456,0.5257,0.0576
1.395,0.53,1.2,0.5171,0.5203,0.1052
1.405,0.5235,1.2,-0.0288,0.5124,0.0266
1.415,0.5171,1.2,0.407,0.5047,0.0479
1.425,0.5109,1.2,-0.453,0.495,0.0842
1.435,0.5047,1.2,0.483,0.4867,0.0605
1.445,0.4987,1.2,-0.8154,0.4688,0.0954
1.455,0.4928,1.2,-0.798,0.4654,0.0959
1.465,0.4869,1.2,1.6425,0.4638,0.2016
1.475,0.4812,1.2,0.249,0.471,0.0456
1.485,0.4755,1.2,-0.3617,0.4749,0.0734
1.495,0.47,1.2,0.6394,0.4659,0.1213
1.505,0.4645,1.2,-0.6429,0.4409,0.108
1.515,0.4592,1.2,0.7602,0.4213,0.0991
1.525,0.4539,1.2,0.5904,0.4085,0.0803
1.535,0.4487,1.2,0.0189,0.4024,0.0181
1.545,0.4436,1.2,0.8631,0.3969,0.107
1.555,0.4385,1.2,0.1847,0.3933,0.0406
1.565,0.4336,1.2,0.0186,0.3927,0.0485
1.575,0.4287,1.2,0.4111,0.3873,0.0545
1.585,0.424,1.2,0.0321,0.3855,0.0169
1.595,0.4192,1.2,0.3395,0.3843,0.0752
1.605,0.4146,1.2,0.3411,0.3813,0.0567
1.615,0.41,1.2,-0.0061,0.3809,0.0374
1.625,0.4056,1.2,0.628,0.3802,0.0902
1.635,0.4011,1.2,0.3297,0.3772,0.0403
1.645,0.3968,1.2,-0.2268,0.378,0.0447
1.655,0.3925,1.2,0.1012,0.3776,0.0253
1.665,0.3883,1.2,0.3386,0.3764,0.0528
1.675,0.3841,1.2,0.0151,0.3786,0.0608
1.685,0.38,1.2,-0.1359,0.3798,0.1268
1.695,0.376,1.2,0.5885,0.3812,0.0886
1.705,0.3721,1.2,0.3381,0.3753,0.0537
1.715,0.3682,1.2,0.2632,0.3673,0.0336
1.725,0.3643,1.2,-0.1041,0.3603,0.0208
1.735,0.3605,1.2,0.3066,0.3555,0.0444
1.745,0.3568,1.2,0.1926,0.3499,0.0291
1.755,0.3531,1.2,0.1444,0.3449,0.0228
1.765,0.3495,1.2,0.2254,0.3446,0.042
1.775,0.3459,1.2,0.737,0.3407,0.1039
1.785,0.3424,1.2,0.4783,0.3353,0.0636
1.795,0.339,1.2,0.1305,0.3335,0.034
1.805,0.3355,1.2,-0.082,0.3304,0.0147
1.815,0.3322,1.2,0.4972,0.3305,0.0711
1.825,0.3289,1.2,0.5603,0.329,0.0657
1.835,0.3256,1.2,-0.593,0.3234,0.074
1.845,0.3224,1.2,0.4684,0.3216,0.1071
1.855,0.3192,1.2,0.1787,0.3223,0.0271
1.865,0.3161,1.2,0.2037,0.3212,0.0283
1.875,0.313,1.2,0.1158,0.3206,0.0472
1.885,0.31,1.2,-0.1697,0.3168,0.0495
1.895,0.307,1.2,-0.4176,0.3129,0.0581
1.905,0.304,1.2,-0.3989,0.3136,0.0461
1.915,0.3011,1.2,0.7127,0.31,0.0921
1.925,0.2982,1.2,-0.2403,0.3064,0.0267
1.935,0.2954,1.2,0.0374,0.3049,0.0191
1.945,0.2926,1.2,-0.3041,0.3015,0.0638
1.955,0.2898,1.2,0.8365,0.3014,0.1052
1.965,0.2871,1.2,0.2898,0.2996,0.0419
1.975,0.2844,1.2,0.04,0.2986,0.0281
1.985,0.2818,1.2,0.2333,0.2984,0.0336
1.995,0.2792,1.2,0.2968,0.3,0.0369
2.005,0.2766,1.2,0.1844,0.2997,0.03
2.015,0.2741,1.2,0.3162,0.2997,0.0385
2.025,0.2716,1.2,0.7275,0.2989,0.0787
2.035,0.2691,1.2,0.3013,0.3005,0.0354
2.045,0.2666,1.2,0.0042,0.2975,0.0557
2.055,0.2642,1.2,0.1192,0.2979,0.0198
2.065,0.2619,1.2,0.2044,0.2945,0.0259
2.075,0.2595,1.2,0.3318,0.2932,0.0438
2.085,0.2572,1.2,0.0572,0.2903,0.041
2.095,0.2549,1.2,0.373,0.2884,0.0513
2.105,0.2527,1.2,0.4372,0.289,0.0534
2.115,0.2504,1.2,0.1558,0.2897,0.0242
2.125,0.2482,1.2,0.0245,0.2872,0.0151
2.135,0.2461,1.2,0.0913,0.286,0.0259
2.145,0.2439,1.2,-0.0939,0.2842,0.0176
2.155,0.2418,1.2,-0.2151,0.2855,0.0314
2.165,0.2397,1.2,0.738,0.2835,0.085
2.175,0.2377,1.2,-0.5284,0.2837,0.062
2.185,0.2356,1.2,0.0456,0.285,0.0158
2.195,0.2336,1.2,0.1191,0.2897,0.0177
2.205,0.2316,1.2,-0.8886,0.2952,0.0976
2.215,0.2297,1.2,0.5082,0.3003,0.0613
2.225,0.2278,1.2,0.497,0.3046,0.0559
2.235,0.2258,1.2,0.6108,0.3044,0.0704
2.245,0.224,1.2,0.4642,0.3022,0.0544
2.255,0.2221,1.2,-0.377,0.2975,0.0552
2.265,0.2202,1.2,0.0073,0.2947,0.0747
2.275,0.2184,1.2,0.5808,0.2916,0.0798
2.285,0.2166,1.2,0.2189,0.2873,0.0475
2.295,0.2149,1.2,0.3976,0.2793,0.0531
2.305,0.2131,1.2,-0.1615,0.2759,0.0225
2.315,0.2114,1.2,0.1734,0.2736,0.0219
2.325,0.2096,1.2,0.5864,0.2722,0.0646
2.335,0.208,1.2,-0.1548,0.2692,0.023
2.345,0.2063,1.2,-0.11,0.2678,0.0151
2.355,0.2046,1.2,0.16,0.2659,0.0237
2.365,0.203,1.2,0.1325,0.2634,0.0206
2.375,0.2014,1.2,0.2827,0.261,0.0334
2.385,0.1998,1.2,-0.0195,0.259,0.011
2.395,0.1982,1.2,0.0137,0.258,0.0113
2.405,0.1966,1.2,-0.2639,0.2538,0.0369
2.415,0.1951,1.2,-0.0096,0.2486,0.0216
2.425,0.1936,1.2,-0.0869,0.244,0.0185
2.435,0.1921,1.2,-0.2145,0.242,0.0241
2.445,0.1906,1.2,0.1178,0.2388,0.0244
2.455,0.1891,1.2,0.5758,0.2388,0.0844
2.465,0.1877,1.2,-0.2023,0.2356,0.0236
2.475,0.1862,1.2,0.281,0.2368,0.041
2.485,0.1848,1.2,-0.229,0.2363,0.0319
2.495,0.1834,1.2,0.4227,0.2382,0.0514
2.505,0.182,1.2,0.1631,0.2379,0.0259
2.515,0.1806,1.2,0.3378,0.2386,0.0466
2.525,0.1793,1.2,-0.0489,0.2382,0.0181
2.535,0.1779,1.2,0.0813,0.2384,0.0185
2.545,0.1766,1.2,0.2292,0.2366,0.0299
2.555,0.1753,1.2,-0.0787,0.2354,0.0139
2.565,0.174,1.2,0.1987,0.236,0.0295
2.575,0.1727,1.2,-0.0273,0.2371,0.015
2.585,0.1714,1.2,0.1669,0.2371,0.0215
2.595,0.1702,1.2,-0.0338,0.2342,0.0308
2.605,0.1689,1.2,0.1877,0.2354,0.0263
2.615,0.1677,1.2,0.1714,0.2366,0.0351
2.625,0.1665,1.2,0.2511,0.2375,0.0326
2.635,0.1653,1.2,0.0895,0.237,0.0149
2.645,0.1641,1.2,0.1273,0.2366,0.0212
2.655,0.1629,1.2,-0.1735,0.2358,0.0236
2.665,0.1617,1.2,0.1683,0.2361,0.0276
2.675,0.1606,1.2,0.1308,0.2345,0.0333
2.685,0.1594,1.2,-0.0303,0.2326,0.012
2.695,0.1583,1.2,0.0052,0.2304,0.0404
1.085,0.8297,1.44,-2.7902,1.5338,2.2348
1.095,0.8194,1.44,-0.3165,1.2293,0.2814
1.105,0.8093,1.44,-1.6581,1.0428,0.359
1.115,0.7993,1.44,-0.6773,0.9022,0.1567
1.125,0.7895,1.44,-0.9051,0.8122,0.2031
1.135,0.7799,1.44,-1.2756,0.7419,0.2205
1.145,0.7703,1.44,0.5215,0.681,0.0847
1.155,0.761,1.44,0.6623,0.6342,0.1876
1.165,0.7518,1.44,0.2505,0.5879,0.0978
1.175,0.7427,1.44,0.3481,0.5528,0.13
1.185,0.7338,1.44,0.0712,0.5191,0.1043
1.195,0.725,1.44,-0.0199,0.4924,0.0651
1.205,0.7163,1.44,-0.2968,0.4727,0.0981
1.215,0.7078,1.44,0.0632,0.4535,0.0323
1.225,0.6994,1.44,-0.1106,0.4363,0.0805
1.235,0.6911,1.44,-0.0671,0.4245,0.0656
1.245,0.683,1.44,-0.5258,0.4186,0.081
1.255,0.675,1.44,-0.3428,0.4156,0.0974
1.265,0.6671,1.44,0.1485,0.411,0.0753
1.275,0.6594,1.44,-0.1346,0.4107,0.0542
1.285,0.6517,1.44,0.537,0.4113,0.1507
1.295,0.6442,1.44,-0.749,0.4129,0.0955
1.305,0.6368,1.44,-0.8847,0.4176,0.0968
1.315,0.6295,1.44,0.1211,0.4175,0.0657
1.325,0.6223,1.44,0.9873,0.4148,0.1618
1.335,0.6153,1.44,-0.0211,0.4173,0.0854
1.345,0.6083,1.44,0.2649,0.4192,0.0481
1.355,0.6014,1.44,0.196,0.4132,0.0683
1.365,0.5947,1.44,0.8816,0.4146,0.0998
1.375,0.588,1.44,-0.2008,0.4151,0.0949
1.385,0.5815,1.44,0.0532,0.4139,0.0361
1.395,0.575,1.44,-0.4288,0.4086,0.0753
1.405,0.5687,1.44,-0.0978,0.4049,0.0526
1.415,0.5624,1.44,0.8146,0.3994,0.095
1.425,0.5562,1.44,-0.0119,0.394,0.0656
1.435,0.5501,1.44,0.4742,0.3867,0.1408
1.445,0.5442,1.44,0.1032,0.3695,0.0681
1.455,0.5383,1.44,1.0006,0.3639,0.1506
1.465,0.5324,1.44,0.4379,0.3613,0.0511
1.475,0.5267,1.44,0.4192,0.3674,0.0902
1.485,0.5211,1.44,0.3246,0.3702,0.0644
1.495,0.5155,1.44,0.2002,0.3622,0.0829
1.505,0.51,1.44,0.3294,0.3375,0.0836
1.515,0.5046,1.44,0.3823,0.3202,0.0695
1.525,0.4993,1.44,0.8316,0.3095,0.0904
1.535,0.4941,1.44,0.1897,0.3004,0.042
1.545,0.4889,1.44,0.557,0.2938,0.0947
1.555,0.4838,1.44,0.0389,0.2893,0.0419
1.565,0.4788,1.44,0.1348,0.2871,0.0812
1.575,0.4739,1.44,0.1169,0.2881,0.0392
1.585,0.469,1.44,0.1114,0.2822,0.0399
1.595,0.4642,1.44,0.2132,0.2804,0.0507
1.605,0.4594,1.44,0.0798,0.2761,0.0494
1.615,0.4548,1.44,0.1435,0.2726,0.0321
1.625,0.4502,1.44,-0.2356,0.2718,0.0425
1.635,0.4456,1.44,-0.0561,0.2664,0.04
1.645,0.4411,1.44,0.3094,0.2631,0.0544
1.655,0.4367,1.44,0.9352,0.2631,0.1038
1.665,0.4324,1.44,0.291,0.261,0.0533
1.675,0.4281,1.44,0.562,0.2639,0.0691
1.685,0.4238,1.44,-0.0294,0.2654,0.0593
1.695,0.4197,1.44,0.7461,0.265,0.0887
1.705,0.4155,1.44,0.1782,0.2606,0.0713
1.715,0.4115,1.44,0.1275,0.2537,0.0315
1.725,0.4075,1.44,0.1341,0.2476,0.0267
1.735,0.4035,1.44,0.5653,0.2429,0.0647
1.745,0.3996,1.44,0.5078,0.238,0.062
1.755,0.3958,1.44,1.0698,0.2355,0.1062
1.765,0.392,1.44,0.2573,0.2379,0.0743
1.775,0.3883,1.44,0.3677,0.2348,0.0597
1.785,0.3846,1.44,0.3877,0.2328,0.0401
1.795,0.3809,1.44,0.42,0.2317,0.078
1.805,0.3773,1.44,0.348,0.2302,0.0648
1.815,0.3738,1.44,0.4483,0.2309,0.0491
1.825,0.3703,1.44,0.0472,0.2311,0.0306
1.835,0.3668,1.44,0.3106,0.2272,0.0569
1.845,0.3634,1.44,0.0294,0.2259,0.0437
1.855,0.3601,1.44,-0.189,0.2236,0.0512
1.865,0.3567,1.44,-0.0074,0.22,0.0254
1.875,0.3535,1.44,0.1764,0.2195,0.0717
1.885,0.3502,1.44,0.5115,0.2125,0.056
1.895,0.347,1.44,0.0587,0.2098,0.0644
1.905,0.3439,1.44,0.1567,0.2093,0.048
1.915,0.3408,1.44,0.4303,0.2075,0.0667
1.925,0.3377,1.44,0.0733,0.2063,0.0184
1.935,0.3347,1.44,0.1063,0.204,0.0358
1.945,0.3317,1.44,-0.1225,0.2024,0.0194
1.955,0.3287,1.44,0.2397,0.2029,0.046
1.965,0.3258,1.44,0.3342,0.2029,0.0733
1.975,0.3229,1.44,-0.0936,0.1994,0.0527
1.985,0.3201,1.44,-0.071,0.1998,0.0394
1.995,0.3173,1.44,0.1985,0.1994,0.0445
2.005,0.3145,1.44,0.0674,0.1964,0.0556
2.015,0.3118,1.44,0.1666,0.1962,0.0328
2.025,0.3091,1.44,-0.0936,0.195,0.0452
2.035,0.3064,1.44,0.4438,0.1946,0.0571
2.045,0.3038,1.44,0.1073,0.1944,0.0573
2.055,0.3012,1.44,0.4391,0.1917,0.0424
2.065,0.2986,1.44,-0.2951,0.1915,0.0419
2.075,0.2961,1.44,-0.1587,0.1926,0.0223
2.085,0.2935,1.44,0.413,0.1915,0.0724
2.095,0.2911,1.44,0.0555,0.1923,0.0244
2.105,0.2886,1.44,0.3148,0.1909,0.0387
2.115,0.2862,1.44,0.1629,0.1922,0.0475
2.125,0.2838,1.44,0.2647,0.1934,0.0445
2.135,0.2814,1.44,-0.0459,0.1937,0.0541
2.145,0.2791,1.44,0.2265,0.1936,0.0747
2.155,0.2768,1.44,0.3094,0.1943,0.032
2.165,0.2745,1.44,-0.0336,0.1946,0.0558
2.175,0.2723,1.44,0.0839,0.1935,0.0403
2.185,0.27,1.44,0.1254,0.1927,0.0386
2.195,0.2678,1.44,0.2937,0.1914,0.036
2.205,0.2657,1.44,0.4275,0.1889,0.0477
2.215,0.2635,1.44,0.0747,0.1872,0.0418
2.225,0.2614,1.44,0.1819,0.1857,0.0405
2.235,0.2593,1.44,-0.022,0.1849,0.0316
2.245,0.2572,1.44,0.1875,0.1824,0.0438
2.255,0.2552,1.44,0.2606,0.179,0.039
2.265,0.2531,1.44,0.1699,0.177,0.0376
2.275,0.2511,1.44,-0.1319,0.1734,0.0284
2.285,0.2492,1.44,0.4626,0.1706,0.044
2.295,0.2472,1.44,0.1485,0.1689,0.026
2.305,0.2453,1.44,0.3424,0.1671,0.0592
2.315,0.2433,1.44,0.3959,0.1664,0.0537
2.325,0.2415,1.44,0.2251,0.1655,0.0615
2.335,0.2396,1.44,0.1018,0.1648,0.0237
2.345,0.2377,1.44,-0.0588,0.1641,0.03
2.355,0.2359,1.44,0.1931,0.1626,0.0349
2.365,0.2341,1.44,0.0488,0.1607,0.0352
2.375,0.2323,1.44,0.2133,0.1595,0.0523
2.385,0.2305,1.44,0.1965,0.1587,0.0289
2.395,0.2288,1.44,-0.014,0.1569,0.0205
2.405,0.227,1.44,0.0609,0.1562,0.0423
2.415,0.2253,1.44,0.2808,0.1555,0.0498
2.425,0.2236,1.44,0.0103,0.1551,0.0239
2.435,0.222,1.44,0.0495,0.1536,0.0446
2.445,0.2203,1.44,0.0466,0.1511,0.0361
2.455,0.2187,1.44,0.1021,0.1496,0.0205
2.465,0.217,1.44,0.142,0.15,0.0263
2.475,0.2154,1.44,-0.0003,0.1477,0.0209
2.485,0.2139,1.44,0.3997,0.1453,0.0461
2.495,0.2123,1.44,-0.0144,0.1446,0.0184
2.505,0.2107,1.44,0.0127,0.143,0.0243
2.515,0.2092,1.44,0.2676,0.1419,0.0342
2.525,0.2077,1.44,0.1513,0.1406,0.0272
2.535,0.2062,1.44,-0.0215,0.1391,0.0423
2.545,0.2047,1.44,-0.0015,0.1386,0.0249
2.555,0.2032,1.44,0.0878,0.1375,0.0326
2.565,0.2018,1.44,0.1074,0.1365,0.0256
2.575,0.2003,1.44,-0.2421,0.1367,0.0228
2.585,0.1989,1.44,-0.022,0.1361,0.0201
2.595,0.1975,1.44,0.0691,0.1354,0.0203
2.605,0.1961,1.44,0.3242,0.1345,0.0346
2.615,0.1947,1.44,0.0636,0.1332,0.0258
2.625,0.1933,1.44,-0.1401,0.1316,0.0288
2.635,0.192,1.44,0.1515,0.1321,0.0224
2.645,0.1906,1.44,0.1403,0.1301,0.0211
2.655,0.1893,1.44,0.0865,0.1289,0.0343
2.665,0.188,1.44,0.2129,0.1279,0.0404
2.675,0.1867,1.44,0.388,0.1272,0.0501
2.685,0.1854,1.44,0.0164,0.1269,0.0158
2.695,0.1841,1.44,0.3111,0.1261,0.0353
1.085,0.8527,1.71,-0.9213,1.4504,0.907
1.095,0.8435,1.71,0.5489,1.1432,0.2473
1.105,0.8344,1.71,1.1483,0.9509,0.2251
1.115,0.8255,1.71,0.0283,0.8418,0.1625
1.125,0.8167,1.71,-1.1212,0.7625,0.2123
1.135,0.8079,1.71,-0.8086,0.7001,0.1907
1.145,0.7993,1.71,-0.0806,0.6508,0.0734
1.155,0.7908,1.71,-0.7377,0.6056,0.1273
1.165,0.7824,1.71,-0.3555,0.5709,0.101
1.175,0.7741,1.71,-0.8866,0.5413,0.1414
1.185,0.766,1.71,-0.6306,0.5107,0.1229
1.195,0.7579,1.71,0.1198,0.4942,0.136
1.205,0.7499,1.71,0.1676,0.4745,0.0802
1.215,0.742,1.71,-0.133,0.4538,0.0811
1.225,0.7343,1.71,-0.23,0.4357,0.0513
1.235,0.7266,1.71,-0.6579,0.4236,0.1408
1.245,0.719,1.71,-0.0968,0.4175,0.0576
1.255,0.7115,1.71,0.8014,0.4127,0.0904
1.265,0.7041,1.71,-0.2941,0.403,0.0546
1.275,0.6968,1.71,-1.318,0.3996,0.1688
1.285,0.6897,1.71,0.2051,0.4028,0.0943
1.295,0.6826,1.71,0.6188,0.4027,0.1026
1.305,0.6755,1.71,0.4374,0.4054,0.0782
1.315,0.6686,1.71,0.5372,0.4079,0.0661
1.325,0.6618,1.71,-0.3051,0.4043,0.1155
1.335,0.655,1.71,0.2355,0.406,0.1308
1.345,0.6484,1.71,-0.8623,0.4049,0.0887
1.355,0.6418,1.71,0.6535,0.4035,0.0861
1.365,0.6353,1.71,0.4637,0.4074,0.0824
1.375,0.6289,1.71,-0.2644,0.4031,0.1027
1.385,0.6226,1.71,0.0287,0.4,0.0683
1.395,0.6164,1.71,-0.108,0.3998,0.1087
1.405,0.6102,1.71,0.203,0.3991,0.0599
1.415,0.6041,1.71,0.2415,0.3921,0.0492
1.425,0.5981,1.71,1.064,0.3909,0.115
1.435,0.5922,1.71,0.5334,0.3837,0.0689
1.445,0.5864,1.71,-0.3169,0.3728,0.1046
1.455,0.5806,1.71,0.17,0.3644,0.0631
1.465,0.5749,1.71,0.2391,0.3625,0.0681
1.475,0.5693,1.71,0.1799,0.3684,0.0704
1.485,0.5637,1.71,0.7039,0.375,0.1343
1.495,0.5582,1.71,0.5351,0.3661,0.0927
1.505,0.5528,1.71,0.0175,0.3424,0.106
1.515,0.5475,1.71,0.44,0.3283,0.0925
1.525,0.5422,1.71,0.2208,0.3146,0.051
1.535,0.537,1.71,0.1223,0.3074,0.0519
1.545,0.5318,1.71,0.029,0.3005,0.0925
1.555,0.5268,1.71,0.3234,0.2935,0.0569
1.565,0.5217,1.71,0.5261,0.2933,0.0696
1.575,0.5168,1.71,0.3421,0.2921,0.0639
1.585,0.5119,1.71,-0.0618,0.2868,0.0733
1.595,0.5071,1.71,0.6822,0.2841,0.1396
1.605,0.5023,1.71,0.4289,0.2784,0.0721
1.615,0.4976,1.71,0.4166,0.2759,0.0466
1.625,0.493,1.71,-0.3555,0.2723,0.0747
1.635,0.4884,1.71,0.3891,0.2691,0.0553
1.645,0.4838,1.71,0.7677,0.2641,0.1009
1.655,0.4794,1.71,0.2033,0.2656,0.0418
1.665,0.4749,1.71,0.5721,0.2611,0.1044
1.675,0.4706,1.71,0.4382,0.2649,0.0631
1.685,0.4663,1.71,0.1102,0.2645,0.0511
1.695,0.462,1.71,0.2705,0.2678,0.0483
1.705,0.4578,1.71,0.1783,0.2621,0.0807
1.715,0.4536,1.71,0.2713,0.2546,0.0485
1.725,0.4495,1.71,-0.2275,0.2481,0.0603
1.735,0.4455,1.71,0.1992,0.2418,0.0357
1.745,0.4415,1.71,0.6539,0.2387,0.0752
1.755,0.4375,1.71,-0.2629,0.2358,0.0413
1.765,0.4336,1.71,0.4909,0.2375,0.0701
1.775,0.4298,1.71,0.2741,0.2355,0.0428
1.785,0.426,1.71,0.393,0.2326,0.0673
1.795,0.4222,1.71,0.2906,0.2309,0.0577
1.805,0.4185,1.71,0.5215,0.231,0.1029
1.815,0.4148,1.71,0.2317,0.2318,0.0283
1.825,0.4112,1.71,0.3809,0.2311,0.0658
1.835,0.4076,1.71,0.62,0.226,0.0722
1.845,0.404,1.71,0.1202,0.2267,0.0287
1.855,0.4005,1.71,0.6881,0.2225,0.0792
1.865,0.3971,1.71,0.2208,0.2171,0.0381
1.875,0.3937,1.71,0.4754,0.2144,0.0509
1.885,0.3903,1.71,0.1077,0.2083,0.0404
1.895,0.3869,1.71,0.0862,0.2056,0.0444
1.905,0.3836,1.71,0.2576,0.203,0.0334
1.915,0.3804,1.71,0.0986,0.2002,0.027
1.925,0.3772,1.71,0.1027,0.1993,0.0546
1.935,0.374,1.71,0.2075,0.1966,0.0358
1.945,0.3708,1.71,0.1485,0.195,0.0242
1.955,0.3677,1.71,0.2584,0.1945,0.045
1.965,0.3646,1.71,0.4602,0.1946,0.0588
1.975,0.3616,1.71,0.5132,0.1917,0.0522
1.985,0.3586,1.71,0.2023,0.1912,0.0375
1.995,0.3556,1.71,0.3508,0.1924,0.0416
2.005,0.3527,1.71,0.116,0.1915,0.0754
2.015,0.3498,1.71,0.1384,0.1903,0.0276
2.025,0.3469,1.71,-0.0733,0.1893,0.057
2.035,0.3441,1.71,0.2684,0.1897,0.0416
2.045,0.3413,1.71,0.1114,0.1908,0.0276
2.055,0.3385,1.71,0.5416,0.1912,0.0513
2.065,0.3358,1.71,0.3673,0.1917,0.0439
2.075,0.3331,1.71,0.3648,0.1934,0.0494
2.085,0.3304,1.71,0.2629,0.1919,0.0413
2.095,0.3278,1.71,0.6609,0.1924,0.0805
2.105,0.3251,1.71,0.4523,0.1916,0.0618
2.115,0.3226,1.71,-0.0971,0.1921,0.0266
2.125,0.32,1.71,0.2231,0.19,0.0354
2.135,0.3175,1.71,0.0638,0.1882,0.0434
2.145,0.315,1.71,0.2525,0.1865,0.0344
2.155,0.3125,1.71,0.27,0.1857,0.0396
2.165,0.31,1.71,-0.0868,0.1847,0.0494
2.175,0.3076,1.71,0.0113,0.1835,0.034
2.185,0.3052,1.71,0.2926,0.182,0.0457
2.195,0.3029,1.71,0.0901,0.1819,0.0286
2.205,0.3005,1.71,-0.0369,0.1796,0.0389
2.215,0.2982,1.71,0.5241,0.1785,0.0582
2.225,0.2959,1.71,0.5695,0.177,0.0742
2.235,0.2936,1.71,0.3379,0.1771,0.0568
2.245,0.2914,1.71,0.0633,0.1742,0.0368
2.255,0.2892,1.71,0.3574,0.1719,0.0369
2.265,0.287,1.71,0.1586,0.1704,0.0455
2.275,0.2848,1.71,0.3429,0.1673,0.0415
2.285,0.2827,1.71,0.2271,0.1651,0.0255
2.295,0.2805,1.71,0.2881,0.1639,0.0374
2.305,0.2784,1.71,0.3444,0.1624,0.0372
2.315,0.2764,1.71,0.0548,0.1613,0.0265
2.325,0.2743,1.71,-0.0913,0.1603,0.025
2.335,0.2723,1.71,0.2848,0.1598,0.0405
2.345,0.2703,1.71,0.1817,0.1582,0.0623
2.355,0.2683,1.71,0.1702,0.1577,0.031
2.365,0.2663,1.71,0.2265,0.1563,0.0343
2.375,0.2643,1.71,0.1617,0.1547,0.0567
2.385,0.2624,1.71,0.4076,0.1543,0.0643
2.395,0.2605,1.71,-0.0629,0.1518,0.0288
2.405,0.2586,1.71,0.0836,0.15,0.0264
2.415,0.2567,1.71,-0.0109,0.1493,0.0429
2.425,0.2549,1.71,0.2309,0.1488,0.0412
2.435,0.2531,1.71,0.2041,0.1475,0.0451
2.445,0.2512,1.71,0.1745,0.1453,0.0332
2.455,0.2494,1.71,-0.1826,0.1435,0.0206
2.465,0.2477,1.71,-0.1956,0.1432,0.0241
2.475,0.2459,1.71,0.1331,0.1412,0.0275
2.485,0.2442,1.71,0.2374,0.1395,0.0272
2.495,0.2424,1.71,-0.0394,0.139,0.027
2.505,0.2407,1.71,-0.1817,0.1366,0.048
2.515,0.239,1.71,0.1862,0.1357,0.0286
2.525,0.2374,1.71,0.3295,0.1359,0.0417
2.535,0.2357,1.71,0.2097,0.1353,0.0276
2.545,0.2341,1.71,0.0428,0.1353,0.0292
2.555,0.2325,1.71,0.1368,0.1353,0.0205
2.565,0.2308,1.71,-0.0255,0.1338,0.0206
2.575,0.2293,1.71,0.1204,0.1355,0.038
2.585,0.2277,1.71,0.0241,0.1354,0.0341
2.595,0.2261,1.71,0.2046,0.1347,0.0342
1.085,0.874,2.05,-3.0095,1.736,2.4047
1.095,0.866,2.05,-1.5664,1.3215,0.6677
1.105,0.858,2.05,0.5023,1.1204,0.1985
1.115,0.8501,2.05,0.0554,0.9898,0.2118
1.125,0.8423,2.05,-0.657,0.8857,0.1311
1.135,0.8345,2.05,1.8529,0.8087,0.3091
1.145,0.8268,2.05,1.9857,0.782,0.2355
1.155,0.8192,2.05,0.6358,0.7227,0.1929
1.165,0.8117,2.05,0.3749,0.6695,0.1654
1.175,0.8043,2.05,-0.1414,0.6325,0.0953
1.185,0.7969,2.05,0.8517,0.5972,0.1336
1.195,0.7896,2.05,-0.1619,0.5808,0.0994
1.205,0.7824,2.05,-0.0663,0.5551,0.0654
1.215,0.7752,2.05,-0.3004,0.5319,0.1261
1.225,0.7681,2.05,0.3482,0.5056,0.112
1.235,0.7611,2.05,0.5359,0.491,0.1083
1.245,0.7541,2.05,-0.3047,0.4816,0.0944
1.255,0.7473,2.05,0.4813,0.4753,0.0978
1.265,0.7405,2.05,-0.5656,0.4725,0.1211
1.275,0.7337,2.05,-0.2078,0.4675,0.0608
1.285,0.7271,2.05,-0.0107,0.4734,0.056
1.295,0.7205,2.05,-0.5152,0.4677,0.1153
1.305,0.714,2.05,-0.3362,0.4604,0.13
1.315,0.7075,2.05,0.6037,0.4574,0.0968
1.325,0.7011,2.05,1.4028,0.4631,0.1509
1.335,0.6948,2.05,-0.1591,0.4549,0.0762
1.345,0.6885,2.05,0.3788,0.4522,0.1358
1.355,0.6824,2.05,0.2849,0.4451,0.0696
1.365,0.6762,2.05,0.0864,0.4477,0.1052
1.375,0.6702,2.05,0.2133,0.4481,0.0732
1.385,0.6642,2.05,0.1583,0.4429,0.0959
1.395,0.6583,2.05,0.1761,0.4394,0.1197
1.405,0.6524,2.05,0.1784,0.4386,0.1145
1.415,0.6466,2.05,0.0669,0.4342,0.0551
1.425,0.6408,2.05,-0.1398,0.4305,0.0572
1.435,0.6352,2.05,0.5682,0.4213,0.1241
1.445,0.6295,2.05,0.4921,0.4067,0.0785
1.455,0.624,2.05,-0.1654,0.3996,0.0607
1.465,0.6185,2.05,0.3544,0.3979,0.0561
1.475,0.6131,2.05,-0.0877,0.4029,0.1025
1.485,0.6077,2.05,-0.1441,0.4055,0.0553
1.495,0.6024,2.05,0.1637,0.4001,0.0684
1.505,0.5971,2.05,0.5462,0.3732,0.1481
1.515,0.5919,2.05,0.4113,0.3534,0.0949
1.525,0.5867,2.05,0.5298,0.3399,0.0591
1.535,0.5816,2.05,0.5579,0.3292,0.0964
1.545,0.5766,2.05,0.1413,0.3253,0.0455
1.555,0.5716,2.05,0.2461,0.315,0.0961
1.565,0.5667,2.05,0.7706,0.3103,0.1046
1.575,0.5618,2.05,-0.2799,0.3111,0.0518
1.585,0.557,2.05,0.1258,0.3023,0.0761
1.595,0.5522,2.05,0.5694,0.2975,0.0761
1.605,0.5475,2.05,0.0227,0.2908,0.0684
1.615,0.5428,2.05,0.688,0.2848,0.0743
1.625,0.5382,2.05,0.5276,0.2837,0.0618
1.635,0.5336,2.05,0.0494,0.2775,0.0942
1.645,0.5291,2.05,0.3825,0.2736,0.0752
1.655,0.5247,2.05,-0.0243,0.2739,0.036
1.665,0.5202,2.05,0.284,0.2701,0.04
1.675,0.5159,2.05,0.2807,0.2764,0.0428
1.685,0.5115,2.05,0.4704,0.2802,0.0873
1.695,0.5073,2.05,0.4578,0.2803,0.0643
1.705,0.503,2.05,0.5151,0.2744,0.0879
1.715,0.4988,2.05,-0.0269,0.266,0.081
1.725,0.4947,2.05,0.4257,0.2589,0.0552
1.735,0.4906,2.05,0.5657,0.2586,0.0797
1.745,0.4866,2.05,1.0242,0.2507,0.1101
1.755,0.4825,2.05,0.2883,0.2496,0.0427
1.765,0.4786,2.05,0.3817,0.2484,0.0646
1.775,0.4747,2.05,0.5123,0.2462,0.0638
1.785,0.4708,2.05,0.1337,0.2447,0.053
1.795,0.4669,2.05,-0.1315,0.2427,0.0622
1.805,0.4631,2.05,0.2769,0.2419,0.0362
1.815,0.4594,2.05,0.8435,0.2425,0.0979
1.825,0.4557,2.05,0.2936,0.2413,0.0704
1.835,0.452,2.05,0.3623,0.2369,0.0435
1.845,0.4484,2.05,0.7058,0.234,0.0752
1.855,0.4448,2.05,0.6811,0.2314,0.0792
1.865,0.4412,2.05,0.4025,0.2271,0.0577
1.875,0.4377,2.05,0.5213,0.2239,0.0607
1.885,0.4342,2.05,0.5918,0.2189,0.0644
1.895,0.4307,2.05,0.2313,0.2156,0.0531
1.905,0.4273,2.05,0.472,0.2163,0.0621
1.915,0.4239,2.05,-0.2283,0.2132,0.0757
1.925,0.4206,2.05,0.04,0.2132,0.0317
1.935,0.4173,2.05,0.4188,0.2109,0.0481
1.945,0.414,2.05,-0.079,0.2124,0.0315
1.955,0.4108,2.05,0.2889,0.2109,0.0512
1.965,0.4076,2.05,-0.0281,0.2132,0.0446
1.975,0.4044,2.05,0.0945,0.2129,0.0323
1.985,0.4013,2.05,-0.1108,0.2136,0.0338
1.995,0.3982,2.05,0.0097,0.2133,0.0435
2.005,0.3951,2.05,0.3481,0.2098,0.0608
2.015,0.3921,2.05,0.3725,0.2074,0.0852
2.025,0.3891,2.05,0.2454,0.2093,0.0389
2.035,0.3861,2.05,0.1841,0.2093,0.0476
2.045,0.3832,2.05,-0.1028,0.2089,0.0478
2.055,0.3802,2.05,0.1521,0.2041,0.0396
2.065,0.3774,2.05,0.3853,0.2039,0.0679
2.075,0.3745,2.05,0.1014,0.2042,0.0371
2.085,0.3717,2.05,0.0782,0.2018,0.0406
2.095,0.3689,2.05,0.2309,0.2029,0.0618
2.105,0.3661,2.05,0.3431,0.1991,0.0493
2.115,0.3634,2.05,0.0088,0.1978,0.0368
2.125,0.3607,2.05,0.4539,0.196,0.0591
2.135,0.358,2.05,0.1495,0.1939,0.0303
2.145,0.3553,2.05,0.3363,0.1919,0.0391
2.155,0.3527,2.05,0.0841,0.1883,0.0315
2.165,0.3501,2.05,0.1506,0.1853,0.0414
2.175,0.3475,2.05,0.0557,0.1841,0.0526
2.185,0.345,2.05,-0.0701,0.183,0.0291
2.195,0.3424,2.05,0.1348,0.1833,0.0338
2.205,0.3399,2.05,0.5033,0.1828,0.0625
2.215,0.3375,2.05,0.2283,0.1824,0.029
2.225,0.335,2.05,0.1597,0.182,0.0523
2.235,0.3326,2.05,0.164,0.1805,0.0454
2.245,0.3302,2.05,0.0928,0.1788,0.074
2.255,0.3278,2.05,0.0862,0.1761,0.0402
2.265,0.3255,2.05,0.2993,0.1741,0.036
2.275,0.3231,2.05,0.186,0.1701,0.0517
2.285,0.3208,2.05,0.2297,0.1677,0.0556
2.295,0.3186,2.05,0.0078,0.1677,0.0351
2.305,0.3163,2.05,0.5534,0.1665,0.0695
2.315,0.3141,2.05,0.2767,0.1656,0.0644
2.325,0.3118,2.05,0.1525,0.1646,0.0433
2.335,0.3096,2.05,0.3561,0.164,0.0511
2.345,0.3075,2.05,0.2618,0.1632,0.034
2.355,0.3053,2.05,-0.0122,0.1618,0.0329
2.365,0.3032,2.05,0.2978,0.1628,0.0422
2.375,0.3011,2.05,0.4047,0.1598,0.0643
2.385,0.299,2.05,0.1566,0.1585,0.0516
2.395,0.2969,2.05,0.3127,0.1562,0.0408
2.405,0.2949,2.05,0.0102,0.1547,0.0333
2.415,0.2928,2.05,0.0033,0.1538,0.0272
2.425,0.2908,2.05,0.051,0.1539,0.0318
2.435,0.2888,2.05,0.3082,0.1516,0.0351
2.445,0.2869,2.05,-0.0968,0.1522,0.0347
2.455,0.2849,2.05,0.0174,0.1508,0.0233
2.465,0.283,2.05,0.2038,0.1509,0.0326
2.475,0.2811,2.05,0.027,0.1497,0.0445
2.485,0.2792,2.05,-0.0278,0.1481,0.0371
2.495,0.2773,2.05,0.0949,0.1457,0.039
2.505,0.2754,2.05,0.1056,0.1443,0.0369
2.515,0.2736,2.05,0.3832,0.1434,0.0427
2.525,0.2717,2.05,0.2819,0.1427,0.0354
2.535,0.2699,2.05,0.0644,0.1411,0.0337
2.545,0.2681,2.05,-0.0757,0.1409,0.0379
2.555,0.2664,2.05,0.3068,0.1395,0.0413
2.565,0.2646,2.05,0.2017,0.1385,0.0384
2.575,0.2629,2.05,0.082,0.1378,0.0302
2.585,0.2611,2.05,0.0373,0.1365,0.032
2.595,0.2594,2.05,0.0354,0.1354,0.029
1.085,0.892,2.44,1.66,2.0488,1.0037
1.095,0.8849,2.44,0.1629,1.4573,0.4387
1.105,0.8779,2.44,-1.7181,1.2187,0.4161
1.115,0.871,2.44,-2.6374,1.0877,0.4957
1.125,0.8641,2.44,2.6986,0.9928,0.5338
1.135,0.8572,2.44,-1.064,0.8844,0.1631
1.145,0.8504,2.44,1.1224,0.8585,0.1609
1.155,0.8436,2.44,0.7024,0.815,0.1227
1.165,0.8369,2.44,-0.6507,0.7767,0.131
1.175,0.8302,2.44,0.3337,0.7351,0.2384
1.185,0.8236,2.44,0.3996,0.7024,0.0927
1.195,0.8171,2.44,-0.3103,0.6588,0.1301
1.205,0.8105,2.44,0.2803,0.6306,0.1245
1.215,0.8041,2.44,-0.9977,0.5944,0.0921
1.225,0.7977,2.44,-0.0235,0.5775,0.0721
1.235,0.7913,2.44,-1.3315,0.5558,0.1821
1.245,0.785,2.44,-0.0853,0.5477,0.0442
1.255,0.7787,2.44,0.2605,0.53,0.1544
1.265,0.7725,2.44,-0.7767,0.53,0.1122
1.275,0.7664,2.44,-0.1585,0.5328,0.1748
1.285,0.7602,2.44,-0.8208,0.5359,0.1568
1.295,0.7542,2.44,0.0392,0.5359,0.0609
1.305,0.7482,2.44,0.1938,0.5233,0.119
1.315,0.7422,2.44,0.2959,0.5182,0.0818
1.325,0.7363,2.44,0.3543,0.5217,0.1124
1.335,0.7304,2.44,-0.1005,0.4958,0.0556
1.345,0.7246,2.44,0.1161,0.4838,0.0894
1.355,0.7189,2.44,0.7793,0.475,0.1412
1.365,0.7131,2.44,1.3235,0.4756,0.2667
1.375,0.7075,2.44,0.4444,0.4822,0.0526
1.385,0.7019,2.44,0.4128,0.4727,0.103
1.395,0.6963,2.44,0.0195,0.4738,0.095
1.405,0.6908,2.44,0.3333,0.4681,0.0801
1.415,0.6853,2.44,0.0065,0.47,0.0623
1.425,0.6799,2.44,-0.2183,0.4632,0.1062
1.435,0.6745,2.44,0.7113,0.4462,0.1126
1.445,0.6692,2.44,0.099,0.4391,0.1086
1.455,0.6639,2.44,0.4724,0.4369,0.0892
1.465,0.6587,2.44,0.8456,0.4369,0.1278
1.475,0.6535,2.44,0.1574,0.4423,0.2123
1.485,0.6483,2.44,0.3682,0.4476,0.0717
1.495,0.6432,2.44,1.0662,0.4444,0.2565
1.505,0.6382,2.44,1.0477,0.4268,0.1437
1.515,0.6332,2.44,0.2295,0.3982,0.0709
1.525,0.6282,2.44,1.0742,0.3743,0.1004
1.535,0.6233,2.44,1.1621,0.3655,0.1406
1.545,0.6185,2.44,0.483,0.3615,0.0898
1.555,0.6136,2.44,0.4443,0.3497,0.0803
1.565,0.6089,2.44,-0.0663,0.3484,0.0489
1.575,0.6041,2.44,-0.1506,0.3425,0.0775
1.585,0.5994,2.44,0.2312,0.3318,0.0572
1.595,0.5948,2.44,0.3722,0.3278,0.0629
1.605,0.5902,2.44,0.0502,0.3221,0.0593
1.615,0.5856,2.44,0.3142,0.3131,0.0724
1.625,0.5811,2.44,0.449,0.3109,0.0822
1.635,0.5766,2.44,-0.0437,0.3104,0.0561
1.645,0.5722,2.44,0.3549,0.3077,0.0861
1.655,0.5678,2.44,0.2817,0.3099,0.0442
1.665,0.5634,2.44,0.5443,0.3049,0.0705
1.675,0.5591,2.44,0.9685,0.3086,0.1097
1.685,0.5549,2.44,0.4191,0.3107,0.0948
1.695,0.5506,2.44,0.3689,0.312,0.0533
1.705,0.5464,2.44,0.6049,0.3032,0.1157
1.715,0.5423,2.44,0.0399,0.2938,0.0643
1.725,0.5382,2.44,0.6065,0.2838,0.1007
1.735,0.5341,2.44,0.6713,0.2792,0.0793
1.745,0.5301,2.44,0.1083,0.274,0.0486
1.755,0.5261,2.44,0.0674,0.2679,0.0467
1.765,0.5221,2.44,0.529,0.2652,0.0816
1.775,0.5182,2.44,0.4563,0.2608,0.0496
1.785,0.5143,2.44,0.5964,0.2622,0.08
1.795,0.5104,2.44,0.4014,0.2598,0.0756
1.805,0.5066,2.44,0.1812,0.262,0.0806
1.815,0.5028,2.44,0.3399,0.261,0.0436
1.825,0.4991,2.44,0.7132,0.2597,0.0663
1.835,0.4954,2.44,0.2833,0.2566,0.0701
1.845,0.4917,2.44,0.3189,0.2551,0.052
1.855,0.4881,2.44,0.4004,0.2493,0.0539
1.865,0.4845,2.44,0.3222,0.2467,0.0483
1.875,0.4809,2.44,0.5997,0.2437,0.0792
1.885,0.4774,2.44,0.1202,0.2427,0.0485
1.895,0.4738,2.44,0.0663,0.2401,0.0577
1.905,0.4704,2.44,0.453,0.2366,0.0619
1.915,0.4669,2.44,0.1994,0.2363,0.0714
1.925,0.4635,2.44,0.2015,0.2354,0.0439
1.935,0.4602,2.44,-0.1266,0.2344,0.0801
1.945,0.4568,2.44,0.4328,0.2321,0.0648
1.955,0.4535,2.44,0.3752,0.2302,0.0608
1.965,0.4502,2.44,0.4897,0.232,0.0495
1.975,0.447,2.44,0.3784,0.2282,0.0477
1.985,0.4438,2.44,0.0583,0.2276,0.0383
1.995,0.4406,2.44,0.6597,0.2239,0.0789
2.005,0.4374,2.44,0.452,0.2235,0.0482
2.015,0.4343,2.44,0.264,0.2191,0.0529
2.025,0.4312,2.44,0.2128,0.2193,0.0656
2.035,0.4281,2.44,0.2922,0.2158,0.0753
2.045,0.4251,2.44,0.1773,0.2151,0.0384
2.055,0.422,2.44,0.2651,0.2126,0.0661
2.065,0.4191,2.44,0.0659,0.2142,0.0448
2.075,0.4161,2.44,0.2933,0.2122,0.0459
2.085,0.4132,2.44,0.1707,0.2115,0.0595
2.095,0.4103,2.44,0.0825,0.2124,0.0443
2.105,0.4074,2.44,0.238,0.21,0.0554
2.115,0.4045,2.44,0.2706,0.2073,0.0505
2.125,0.4017,2.44,-0.0667,0.2074,0.0358
2.135,0.3989,2.44,0.5255,0.2049,0.0638
2.145,0.3961,2.44,0.338,0.2019,0.0385
2.155,0.3934,2.44,0.0982,0.199,0.027
2.165,0.3907,2.44,0.2458,0.1968,0.0427
2.175,0.388,2.44,0.2255,0.1957,0.0417
2.185,0.3853,2.44,0.0062,0.1949,0.0504
2.195,0.3827,2.44,0.1129,0.1964,0.0427
2.205,0.38,2.44,0.0895,0.1963,0.0583
2.215,0.3774,2.44,0.3563,0.1948,0.0551
2.225,0.3749,2.44,0.5384,0.1947,0.0726
2.235,0.3723,2.44,0.203,0.1918,0.0409
2.245,0.3698,2.44,0.0961,0.1877,0.0362
2.255,0.3673,2.44,-0.1075,0.1841,0.0439
2.265,0.3648,2.44,0.0595,0.1808,0.0441
2.275,0.3623,2.44,0.2219,0.1773,0.0326
2.285,0.3599,2.44,0.2648,0.1721,0.0431
2.295,0.3575,2.44,0.3973,0.172,0.0492
2.305,0.3551,2.44,0.374,0.1716,0.0605
2.315,0.3527,2.44,0.179,0.17,0.0407
2.325,0.3504,2.44,0.0368,0.1667,0.0398
2.335,0.348,2.44,0.3105,0.1682,0.0439
2.345,0.3457,2.44,0.3516,0.1667,0.0549
2.355,0.3435,2.44,0.273,0.166,0.0311
2.365,0.3412,2.44,0.0396,0.1644,0.0312
2.375,0.3389,2.44,0.3713,0.1622,0.0439
2.385,0.3367,2.44,-0.0835,0.1595,0.0337
2.395,0.3345,2.44,0.3305,0.1581,0.0495
2.405,0.3323,2.44,0.3649,0.1546,0.0463
2.415,0.3302,2.44,0.0896,0.1544,0.0315
2.425,0.328,2.44,0.1325,0.1529,0.0406
2.435,0.3259,2.44,0.1144,0.1517,0.0289
2.445,0.3238,2.44,-0.0281,0.1495,0.028
2.455,0.3217,2.44,-0.103,0.1496,0.0276
2.465,0.3196,2.44,0.3828,0.1484,0.058
2.475,0.3175,2.44,0.1166,0.1479,0.0252
2.485,0.3155,2.44,0.3088,0.1467,0.0391
2.495,0.3135,2.44,0.2913,0.1465,0.0358
2.505,0.3115,2.44,0.1583,0.1447,0.0467
2.515,0.3095,2.44,0.1786,0.1437,0.0288
2.525,0.3075,2.44,0.0975,0.1625,0.0446
2.535,0.3056,2.44,0.2122,0.1624,0.0884
2.545,0.3037,2.44,0.411,0.143,0.0609
2.555,0.3017,2.44,0.3182,0.1422,0.07
1.085,0.9081,2.92,-0.9013,2.759,0.6528
1.095,0.902,2.92,-0.1619,1.8303,0.3125
1.105,0.8959,2.92,-0.9439,1.5185,0.3987
1.115,0.8898,2.92,-1.1603,1.3323,0.455
1.125,0.8838,2.92,0.7778,1.2071,0.2747
1.135,0.8778,2.92,-2.9483,1.0775,0.4432
1.145,0.8718,2.92,-1.3468,1.1125,0.2708
1.155,0.8659,2.92,-1.4875,1.0565,0.307
1.165,0.86,2.92,2.0976,1.0076,0.5745
1.175,0.8541,2.92,-0.3411,0.9363,0.133
1.185,0.8482,2.92,-1.8838,0.8864,0.4208
1.195,0.8424,2.92,0.1648,0.8219,0.1223
1.205,0.8366,2.92,-0.0937,0.7896,0.1311
1.215,0.8308,2.92,0.3486,0.7115,0.2999
1.225,0.8251,2.92,-1.2458,0.6735,0.2878
1.235,0.8194,2.92,0.1816,0.666,0.1848
1.245,0.8138,2.92,0.3543,0.652,0.1062
1.255,0.8081,2.92,0.7563,0.6321,0.1479
1.265,0.8025,2.92,-0.8866,0.6452,0.1502
1.275,0.797,2.92,-0.0355,0.6451,0.08
1.285,0.7914,2.92,0.3548,0.6533,0.1089
1.295,0.7859,2.92,0.8259,0.637,0.1396
1.305,0.7805,2.92,-0.5469,0.6243,0.0919
1.315,0.775,2.92,0.1332,0.6097,0.1592
1.325,0.7697,2.92,-0.4319,0.6116,0.1668
1.335,0.7643,2.92,0.4273,0.5929,0.1127
1.345,0.759,2.92,-0.6166,0.5848,0.0739
1.355,0.7537,2.92,1.3544,0.5668,0.1387
1.365,0.7484,2.92,0.2048,0.5637,0.169
1.375,0.7432,2.92,-0.6213,0.5705,0.1253
1.385,0.738,2.92,1.1286,0.5506,0.173
1.395,0.7329,2.92,0.2022,0.538,0.1137
1.405,0.7278,2.92,0.689,0.5302,0.2177
1.415,0.7227,2.92,0.2467,0.5159,0.1412
1.425,0.7176,2.92,0.0555,0.5031,0.0632
1.435,0.7126,2.92,0.5441,0.4966,0.1185
1.445,0.7077,2.92,0.5626,0.4728,0.132
1.455,0.7027,2.92,-0.6328,0.475,0.1115
1.465,0.6978,2.92,0.9523,0.4699,0.1252
1.475,0.6929,2.92,-0.0556,0.481,0.1381
1.485,0.6881,2.92,0.2127,0.4901,0.06
1.495,0.6833,2.92,0.1092,0.4728,0.1179
1.505,0.6785,2.92,-0.3152,0.4649,0.0909
1.515,0.6738,2.92,0.075,0.4417,0.043
1.525,0.6691,2.92,0.7034,0.4094,0.1152
1.535,0.6645,2.92,0.7023,0.4033,0.0943
1.545,0.6598,2.92,-0.1476,0.4039,0.0795
1.555,0.6553,2.92,0.3787,0.4,0.0832
1.565,0.6507,2.92,0.9375,0.3933,0.1361
1.575,0.6462,2.92,0.5148,0.3868,0.1033
1.585,0.6417,2.92,0.7686,0.375,0.109
1.595,0.6372,2.92,-0.6172,0.3731,0.0968
1.605,0.6328,2.92,-0.0095,0.3684,0.0472
1.615,0.6284,2.92,0.2414,0.3503,0.0452
1.625,0.6241,2.92,0.0996,0.3488,0.0581
1.635,0.6198,2.92,0.3061,0.3471,0.0625
1.645,0.6155,2.92,0.547,0.3465,0.0912
1.655,0.6112,2.92,0.4848,0.3458,0.1182
1.665,0.607,2.92,-0.0115,0.343,0.0784
1.675,0.6028,2.92,0.6387,0.3417,0.1195
1.685,0.5987,2.92,0.543,0.3463,0.0856
1.695,0.5945,2.92,0.1384,0.3438,0.1337
1.705,0.5905,2.92,0.1202,0.3365,0.0648
1.715,0.5864,2.92,0.3463,0.3247,0.0521
1.725,0.5824,2.92,0.1126,0.3183,0.057
1.735,0.5784,2.92,0.5305,0.3157,0.091
1.745,0.5744,2.92,-0.2011,0.3117,0.051
1.755,0.5705,2.92,0.7103,0.3062,0.0822
1.765,0.5666,2.92,0.6253,0.305,0.0928
1.775,0.5627,2.92,0.708,0.3049,0.1096
1.785,0.5589,2.92,0.4271,0.3013,0.0659
1.795,0.5551,2.92,-0.0582,0.296,0.0886
1.805,0.5513,2.92,0.3112,0.2972,0.0466
1.815,0.5476,2.92,-0.3096,0.2973,0.076
1.825,0.5439,2.92,0.0259,0.2933,0.0799
1.835,0.5402,2.92,0.1951,0.2922,0.0635
1.845,0.5365,2.92,0.5212,0.288,0.0728
1.855,0.5329,2.92,0.6398,0.2831,0.0937
1.865,0.5293,2.92,0.2223,0.278,0.0689
1.875,0.5258,2.92,-0.0073,0.2745,0.0683
1.885,0.5222,2.92,0.0567,0.2702,0.0656
1.895,0.5187,2.92,-0.1813,0.2697,0.0896
1.905,0.5152,2.92,0.468,0.2677,0.0728
1.915,0.5118,2.92,0.3454,0.2626,0.0612
1.925,0.5084,2.92,0.2453,0.2637,0.0595
1.935,0.505,2.92,0.1153,0.2623,0.0717
1.945,0.5016,2.92,-0.0532,0.2609,0.0466
1.955,0.4983,2.92,-0.0684,0.2547,0.0473
1.965,0.495,2.92,0.3089,0.2508,0.0504
1.975,0.4917,2.92,0.3101,0.2479,0.0461
1.985,0.4884,2.92,0.3144,0.2484,0.0544
1.995,0.4852,2.92,-0.1533,0.2412,0.0388
2.005,0.482,2.92,0.511,0.2402,0.0691
2.015,0.4788,2.92,0.2396,0.2332,0.0568
2.025,0.4757,2.92,0.5409,0.2307,0.0844
2.035,0.4725,2.92,0.2063,0.2275,0.0337
2.045,0.4694,2.92,0.2444,0.2248,0.0483
2.055,0.4664,2.92,-0.1766,0.2213,0.0553
2.065,0.4633,2.92,0.4182,0.2196,0.068
2.075,0.4603,2.92,0.0896,0.219,0.0349
2.085,0.4573,2.92,0.42,0.2199,0.0625
2.095,0.4543,2.92,0.3044,0.2183,0.06
2.105,0.4514,2.92,0.4732,0.219,0.0578
2.115,0.4484,2.92,0.4062,0.2172,0.0512
2.125,0.4455,2.92,0.3518,0.2098,0.0848
2.135,0.4427,2.92,0.2124,0.2067,0.0377
2.145,0.4398,2.92,0.021,0.2037,0.0533
2.155,0.437,2.92,0.2024,0.2001,0.0486
2.165,0.4342,2.92,0.2396,0.1991,0.0474
2.175,0.4314,2.92,-0.0024,0.2004,0.0282
2.185,0.4286,2.92,0.1345,0.1987,0.0463
2.195,0.4259,2.92,0.4592,0.1991,0.1128
2.205,0.4232,2.92,0.4421,0.199,0.0519
2.215,0.4205,2.92,0.5426,0.1986,0.0713
2.225,0.4178,2.92,0.3461,0.198,0.056
2.235,0.4152,2.92,-0.2787,0.1934,0.0708
2.245,0.4125,2.92,0.5237,0.1892,0.0755
2.255,0.4099,2.92,0.3093,0.1885,0.0499
2.265,0.4073,2.92,0.4442,0.1837,0.0552
2.275,0.4048,2.92,0.3278,0.1827,0.0427
2.285,0.4022,2.92,0.1208,0.1788,0.0448
2.295,0.3997,2.92,0.4653,0.1789,0.0661
2.305,0.3972,2.92,0.158,0.1793,0.0358
2.315,0.3947,2.92,0.3158,0.1782,0.0649
2.325,0.3923,2.92,0.1869,0.1757,0.0494
2.335,0.3898,2.92,0.3377,0.1768,0.0734
2.345,0.3874,2.92,0.4619,0.1759,0.0514
2.355,0.385,2.92,0.2325,0.1753,0.0612
2.365,0.3826,2.92,0.2472,0.1736,0.0443
2.375,0.3803,2.92,0.2303,0.1733,0.04
2.385,0.3779,2.92,0.0862,0.1736,0.0319
2.395,0.3756,2.92,0.3635,0.1737,0.0465
2.405,0.3733,2.92,0.0502,0.1724,0.0296
2.415,0.371,2.92,0.2104,0.1746,0.0459
2.425,0.3687,2.92,-0.0247,0.174,0.0249
2.435,0.3665,2.92,0.3861,0.1761,0.062
2.445,0.3643,2.92,0.2215,0.1771,0.0567
2.455,0.362,2.92,0.1378,0.1763,0.0621
2.465,0.3598,2.92,-0.0295,0.1759,0.027
2.475,0.3577,2.92,0.1186,0.1746,0.0489
1.085,0.9217,3.48,-5.2175,3.9615,2.3971
1.095,0.9164,3.48,6.1248,2.4269,2.0551
1.105,0.9112,3.48,0.5147,1.9455,0.2727
1.115,0.9059,3.48,2.2403,1.8405,0.4579
1.125,0.9006,3.48,2.0655,1.6699,0.6553
1.135,0.8954,3.48,0.4605,1.5818,0.2788
1.145,0.8902,3.48,1.6629,1.6426,0.3284
1.155,0.885,3.48,-2.5693,1.5571,0.76
1.165,0.8798,3.48,-0.5578,1.598,0.3509
1.175,0.8746,3.48,-0.1141,1.5204,0.5072
1.185,0.8695,3.48,-0.5842,1.3069,0.1981
1.195,0.8643,3.48,-1.0564,1.2279,0.2096
1.205,0.8592,3.48,-0.0511,1.1448,0.2252
1.215,0.8541,3.48,0.4611,1.0379,0.2447
1.225,0.849,3.48,0.8707,0.9982,0.2752
1.235,0.8439,3.48,-0.8346,0.9608,0.1219
1.245,0.8389,3.48,-0.6659,0.9364,0.4287
1.255,0.8339,3.48,1.3577,0.9878,0.3017
1.265,0.8289,3.48,-1.2187,0.9556,0.3169
1.275,0.8239,3.48,1.3717,0.9868,0.2408
1.285,0.8189,3.48,-0.05,0.935,0.2461
1.295,0.814,3.48,0.9321,0.9585,0.2028
1.305,0.8091,3.48,-0.2292,0.9277,0.1986
1.315,0.8042,3.48,-0.8796,0.9055,0.1932
1.325,0.7993,3.48,1.1301,0.9008,0.4069
1.335,0.7944,3.48,1.2285,0.8686,0.2498
1.345,0.7896,3.48,-1.51,0.8533,0.2785
1.355,0.7848,3.48,-1.1637,0.8866,0.2821
1.365,0.78,3.48,1.2872,0.8369,0.1627
1.375,0.7752,3.48,-0.9956,0.8048,0.2414
1.385,0.7705,3.48,1.2451,0.7931,0.1917
1.395,0.7658,3.48,-0.2251,0.7767,0.0734
1.405,0.7611,3.48,0.303,0.7207,0.1969
1.415,0.7564,3.48,0.3426,0.6803,0.1564
1.425,0.7518,3.48,0.7015,0.6466,0.1246
1.435,0.7472,3.48,0.8534,0.6592,0.127
1.445,0.7426,3.48,0.733,0.6356,0.1172
1.455,0.738,3.48,-0.0352,0.6219,0.1188
1.465,0.7335,3.48,0.8628,0.6085,0.2384
1.475,0.729,3.48,0.3137,0.6085,0.1761
1.485,0.7245,3.48,0.5744,0.6246,0.1772
1.495,0.72,3.48,0.0343,0.6237,0.085
1.505,0.7156,3.48,0.3863,0.5937,0.0759
1.515,0.7111,3.48,0.5229,0.5857,0.0793
1.525,0.7068,3.48,0.0887,0.5482,0.0923
1.535,0.7024,3.48,-0.4426,0.5423,0.0727
1.545,0.6981,3.48,0.4755,0.5551,0.0764
1.555,0.6937,3.48,-0.3896,0.5538,0.1472
1.565,0.6895,3.48,0.1459,0.5597,0.1336
1.575,0.6852,3.48,1.0882,0.5416,0.1421
1.585,0.681,3.48,-0.4338,0.5311,0.1198
1.595,0.6767,3.48,0.4201,0.5252,0.0914
1.605,0.6726,3.48,-0.1518,0.5057,0.0544
1.615,0.6684,3.48,0.0532,0.4775,0.0473
1.625,0.6643,3.48,0.5113,0.4599,0.0728
1.635,0.6602,3.48,0.7021,0.4483,0.1083
1.645,0.6561,3.48,0.7519,0.4487,0.1018
1.655,0.652,3.48,0.8934,0.4398,0.1463
1.665,0.648,3.48,0.6027,0.4268,0.0831
1.675,0.644,3.48,0.5394,0.4264,0.0788
1.685,0.64,3.48,1.0455,0.4448,0.1891
1.695,0.636,3.48,0.0571,0.4379,0.0474
1.705,0.6321,3.48,0.2338,0.4322,0.0765
1.715,0.6282,3.48,1.0243,0.4144,0.139
1.725,0.6243,3.48,0.1779,0.4055,0.0604
1.735,0.6205,3.48,0.0613,0.3896,0.0356
1.745,0.6167,3.48,-0.1372,0.3934,0.0836
1.755,0.6129,3.48,0.5931,0.3876,0.071
1.765,0.6091,3.48,0.0853,0.3755,0.0561
1.775,0.6053,3.48,0.3672,0.3736,0.0669
1.785,0.6016,3.48,0.8808,0.3714,0.1283
1.795,0.5979,3.48,0.3983,0.3677,0.0933
1.805,0.5942,3.48,0.7571,0.3768,0.1302
1.815,0.5906,3.48,-0.1965,0.3727,0.0897
1.825,0.587,3.48,0.4677,0.3683,0.1139
1.835,0.5834,3.48,0.4885,0.3634,0.068
1.845,0.5798,3.48,0.6116,0.3618,0.0772
1.855,0.5762,3.48,0.1005,0.3488,0.0957
1.865,0.5727,3.48,0.7185,0.3357,0.1316
1.875,0.5692,3.48,0.6972,0.3379,0.0811
1.885,0.5657,3.48,-0.3542,0.3302,0.0757
1.895,0.5623,3.48,0.057,0.333,0.0563
1.905,0.5588,3.48,0.2357,0.3337,0.071
1.915,0.5554,3.48,0.757,0.3346,0.1248
1.925,0.552,3.48,0.5555,0.3422,0.0898
1.935,0.5487,3.48,0.6661,0.3352,0.097
1.945,0.5453,3.48,0.0373,0.3288,0.025
1.955,0.542,3.48,0.0519,0.3271,0.0481
1.965,0.5387,3.48,0.5725,0.316,0.0659
1.975,0.5355,3.48,-0.2497,0.3022,0.0969
1.985,0.5322,3.48,0.675,0.2979,0.0844
1.995,0.529,3.48,0.6162,0.2927,0.0972
2.005,0.5258,3.48,0.3971,0.2929,0.0817
2.015,0.5226,3.48,0.3631,0.2859,0.1093
2.025,0.5195,3.48,0.5499,0.28,0.0828
2.035,0.5164,3.48,-0.0574,0.2808,0.038
2.045,0.5133,3.48,0.4003,0.2766,0.0512
2.055,0.5102,3.48,0.4737,0.2762,0.0841
2.065,0.5071,3.48,0.0981,0.2706,0.0669
2.075,0.5041,3.48,0.4131,0.2662,0.0618
2.085,0.501,3.48,0.6038,0.2695,0.1103
2.095,0.498,3.48,0.7174,0.2651,0.0866
2.105,0.4951,3.48,0.3393,0.2637,0.0522
2.115,0.4921,3.48,0.1895,0.2605,0.0953
2.125,0.4892,3.48,0.439,0.2552,0.0972
2.135,0.4863,3.48,0.2071,0.2523,0.0406
2.145,0.4834,3.48,0.0788,0.2473,0.0797
2.155,0.4805,3.48,-0.1191,0.2453,0.0483
2.165,0.4777,3.48,0.5981,0.2469,0.0722
2.175,0.4748,3.48,0.3031,0.2467,0.0701
2.185,0.472,3.48,0.256,0.2472,0.0741
2.195,0.4692,3.48,0.5298,0.2531,0.0831
2.205,0.4665,3.48,0.4304,0.2508,0.0793
2.215,0.4637,3.48,0.2168,0.2472,0.0562
2.225,0.461,3.48,0.5506,0.2413,0.092
2.235,0.4583,3.48,0.3317,0.2403,0.0453
2.245,0.4556,3.48,0.2027,0.2351,0.0547
2.255,0.4529,3.48,0.1979,0.2353,0.0511
2.265,0.4503,3.48,0.5265,0.2298,0.0813
2.275,0.4477,3.48,-0.0991,0.2258,0.0339
2.285,0.445,3.48,0.2446,0.2271,0.0667
2.295,0.4425,3.48,0.0834,0.2277,0.0394
2.305,0.4399,3.48,0.0416,0.2304,0.042
2.315,0.4373,3.48,0.0685,0.2272,0.06
2.325,0.4348,3.48,0.1661,0.2245,0.0819
2.335,0.4323,3.48,-0.0528,0.2276,0.0679
2.345,0.4298,3.48,0.2292,0.2285,0.0414
1.085,0.9337,4.16,5.0399,3.0693,2.5485
1.095,0.9291,4.16,2.9219,2.4183,0.6937
1.105,0.9246,4.16,-2.3483,2.1422,0.4823
1.115,0.92,4.16,-0.4545,2.0339,0.3458
1.125,0.9155,4.16,1.7357,1.8319,0.3425
1.135,0.911,4.16,1.6051,1.723,0.4807
1.145,0.9065,4.16,0.9285,2.0345,0.2446
1.155,0.9019,4.16,1.0049,1.7996,0.5784
1.165,0.8974,4.16,-2.8534,1.8564,0.8496
1.175,0.8929,4.16,2.904,1.6845,0.6766
1.185,0.8884,4.16,-0.2221,1.5236,0.2017
1.195,0.8839,4.16,0.6541,1.4216,0.3921
1.205,0.8794,4.16,-0.5173,1.3683,0.201
1.215,0.875,4.16,1.8171,1.187,0.5219
1.225,0.8705,4.16,1.0326,1.1589,0.2567
1.235,0.866,4.16,0.8053,1.1559,0.2504
1.245,0.8616,4.16,0.0868,1.0993,0.2899
1.255,0.8571,4.16,0.7463,1.1021,0.1666
1.265,0.8527,4.16,-0.4329,1.0828,0.1032
1.275,0.8483,4.16,-0.6983,1.1484,0.3533
1.285,0.8439,4.16,-1.8653,1.1078,0.2963
1.295,0.8395,4.16,-1.0983,1.1016,0.2269
1.305,0.8351,4.16,-0.0299,1.1012,0.198
1.315,0.8308,4.16,1.0637,1.0208,0.2006
1.325,0.8264,4.16,0.9639,1.0078,0.3982
1.335,0.8221,4.16,0.9146,0.9835,0.1145
1.345,0.8177,4.16,2.0716,0.9675,0.2968
1.355,0.8134,4.16,1.4145,0.9708,0.203
1.365,0.8091,4.16,0.2173,0.952,0.193
1.375,0.8048,4.16,0.1693,0.8804,0.1027
1.385,0.8005,4.16,-0.4664,0.8912,0.129
1.395,0.7963,4.16,0.9374,0.8632,0.1384
1.405,0.792,4.16,1.0981,0.7946,0.229
1.415,0.7878,4.16,-0.6171,0.7753,0.1563
1.425,0.7836,4.16,0.6799,0.733,0.1805
1.435,0.7794,4.16,0.0817,0.7245,0.0543
1.445,0.7752,4.16,0.5481,0.6967,0.1105
1.455,0.771,4.16,-0.4787,0.6953,0.1118
1.465,0.7669,4.16,0.6545,0.7029,0.1187
1.475,0.7628,4.16,0.4547,0.7034,0.1706
1.485,0.7586,4.16,0.695,0.6977,0.1976
1.495,0.7545,4.16,0.7911,0.6848,0.1557
1.505,0.7505,4.16,1.1124,0.642,0.1666
1.515,0.7464,4.16,1.3456,0.6463,0.2077
1.525,0.7423,4.16,0.9564,0.6169,0.1797
1.535,0.7383,4.16,-0.905,0.6146,0.1156
1.545,0.7343,4.16,-0.3471,0.6081,0.0912
1.555,0.7303,4.16,2.3041,0.6278,0.349
1.565,0.7263,4.16,0.5987,0.6338,0.1333
1.575,0.7224,4.16,0.5813,0.6049,0.1523
1.585,0.7184,4.16,0.4811,0.6022,0.0705
1.595,0.7145,4.16,0.3955,0.5761,0.1087
1.605,0.7106,4.16,1.0877,0.5811,0.1686
1.615,0.7067,4.16,0.1411,0.5167,0.1256
1.625,0.7028,4.16,0.0571,0.5131,0.043
1.635,0.699,4.16,0.8735,0.4992,0.1471
1.645,0.6952,4.16,-0.2395,0.4954,0.0998
1.655,0.6913,4.16,0.4567,0.4823,0.1841
1.665,0.6875,4.16,0.1891,0.4856,0.0586
1.675,0.6838,4.16,0.8001,0.4773,0.1488
1.685,0.68,4.16,1.6433,0.489,0.1911
1.695,0.6763,4.16,0.254,0.4943,0.1033
1.705,0.6726,4.16,0.3115,0.4663,0.0644
1.715,0.6689,4.16,0.8206,0.4564,0.125
1.725,0.6652,4.16,0.4032,0.456,0.0548
1.735,0.6615,4.16,0.7942,0.4423,0.1194
1.745,0.6579,4.16,0.1828,0.4448,0.0881
1.755,0.6543,4.16,0.8132,0.4311,0.1275
1.765,0.6507,4.16,1.2647,0.4247,0.1397
1.775,0.6471,4.16,0.6864,0.4356,0.0884
1.785,0.6435,4.16,0.6839,0.4212,0.1043
1.795,0.64,4.16,0.6366,0.4181,0.1174
1.805,0.6364,4.16,-0.0719,0.4272,0.1152
1.815,0.6329,4.16,0.6439,0.4316,0.1097
1.825,0.6295,4.16,0.3005,0.4181,0.0563
1.835,0.626,4.16,0.2975,0.4171,0.0985
1.845,0.6225,4.16,0.6432,0.4162,0.0897
1.855,0.6191,4.16,0.2538,0.4,0.0717
1.865,0.6157,4.16,0.3142,0.3887,0.0759
1.875,0.6123,4.16,-0.0247,0.3872,0.0609
1.885,0.6089,4.16,-0.3193,0.3809,0.0576
1.895,0.6056,4.16,0.8726,0.384,0.14
1.905,0.6023,4.16,0.439,0.3917,0.0883
1.915,0.5989,4.16,0.2565,0.3956,0.0883
1.925,0.5957,4.16,0.01,0.3983,0.0749
1.935,0.5924,4.16,-0.1697,0.3951,0.0902
1.945,0.5891,4.16,-0.3448,0.3838,0.0523
1.955,0.5859,4.16,0.5018,0.3796,0.0777
1.965,0.5827,4.16,-0.3836,0.3716,0.1181
1.975,0.5795,4.16,0.2624,0.358,0.0509
1.985,0.5763,4.16,0.704,0.349,0.1182
1.995,0.5731,4.16,0.6271,0.3465,0.1123
2.005,0.57,4.16,0.0061,0.3523,0.0829
2.015,0.5669,4.16,0.8097,0.3367,0.098
2.025,0.5638,4.16,0.1335,0.3315,0.054
2.035,0.5607,4.16,0.5558,0.3329,0.083
2.045,0.5576,4.16,0.3016,0.3274,0.12
2.055,0.5546,4.16,0.3804,0.3309,0.0646
2.065,0.5515,4.16,0.2952,0.3197,0.055
2.075,0.5485,4.16,0.501,0.3197,0.1251
2.085,0.5455,4.16,0.0345,0.3294,0.0469
2.095,0.5426,4.16,0.1647,0.3256,0.0479
2.105,0.5396,4.16,0.3664,0.3244,0.07
2.115,0.5367,4.16,0.3319,0.3224,0.0656
2.125,0.5337,4.16,0.3714,0.3207,0.0696